-- phpMyAdmin SQL Dump
-- version 5.1.1
-- https://www.phpmyadmin.net/
--
-- Host: 127.0.0.1
-- Generation Time: Mar 31, 2022 at 08:59 AM
-- Server version: 10.4.22-MariaDB
-- PHP Version: 8.1.1

SET FOREIGN_KEY_CHECKS=0;
SET SQL_MODE = "NO_AUTO_VALUE_ON_ZERO";
START TRANSACTION;
SET time_zone = "+00:00";


/*!40101 SET @OLD_CHARACTER_SET_CLIENT=@@CHARACTER_SET_CLIENT */;
/*!40101 SET @OLD_CHARACTER_SET_RESULTS=@@CHARACTER_SET_RESULTS */;
/*!40101 SET @OLD_COLLATION_CONNECTION=@@COLLATION_CONNECTION */;
/*!40101 SET NAMES utf8mb4 */;

--
-- Database: `kpri`
--

-- --------------------------------------------------------

--
-- Table structure for table `ajuan`
--

CREATE TABLE `ajuan` (
  `id` bigint(20) NOT NULL,
  `peminjam` bigint(20) NOT NULL,
  `tanggal` date NOT NULL,
  `jenis` tinyint(4) NOT NULL,
  `jumlah` bigint(20) NOT NULL,
  `diangsur` smallint(6) NOT NULL,
  `mulai` date NOT NULL,
  `penghasilan` bigint(20) NOT NULL,
  `slip` varchar(200) NOT NULL,
  `status` tinyint(4) NOT NULL,
  `admin` bigint(20) NOT NULL
) ENGINE=InnoDB DEFAULT CHARSET=utf8;

--
-- Dumping data for table `ajuan`
--

INSERT INTO `ajuan` (`id`, `peminjam`, `tanggal`, `jenis`, `jumlah`, `diangsur`, `mulai`, `penghasilan`, `slip`, `status`, `admin`) VALUES
(1, 50, '1979-05-02', 5, 1568714, 100, '1978-10-17', 3323792, 'http://lorempixel.com/400/300/', 0, 33),
(2, 29, '2001-08-06', 1, 5719699, 94, '2011-01-01', 4443633, 'http://lorempixel.com/400/300/', 0, 1),
(3, 27, '1998-04-10', 2, 8819514, 3, '1988-07-08', 3182475, 'http://lorempixel.com/400/300/', 0, 49),
(4, 44, '1981-05-29', 5, 4060199, 117, '2007-05-17', 1912143, 'http://lorempixel.com/400/300/', 0, 9),
(5, 22, '1983-04-02', 5, 8954335, 35, '2009-04-23', 1860901, 'http://lorempixel.com/400/300/', 0, 47),
(6, 5, '2018-11-09', 1, 7684964, 99, '2010-05-03', 3033527, 'http://lorempixel.com/400/300/', 0, 37),
(7, 46, '1988-03-23', 4, 9630671, 71, '1990-05-19', 2564766, 'http://lorempixel.com/400/300/', 0, 34),
(8, 46, '2008-04-16', 5, 175280, 39, '2000-09-27', 3095143, 'http://lorempixel.com/400/300/', 0, 14),
(9, 31, '1989-03-24', 4, 1486202, 86, '2001-06-12', 2426641, 'http://lorempixel.com/400/300/', 0, 44),
(10, 35, '1999-08-12', 3, 5330970, 87, '2005-06-04', 2788751, 'http://lorempixel.com/400/300/', 0, 34),
(11, 47, '1993-02-20', 3, 4886326, 105, '1988-12-16', 2064569, 'http://lorempixel.com/400/300/', 0, 30),
(12, 29, '2001-08-14', 1, 5357571, 49, '2000-10-19', 4071662, 'http://lorempixel.com/400/300/', 0, 37),
(13, 30, '1999-06-23', 3, 9055051, 59, '2017-08-26', 4792500, 'http://lorempixel.com/400/300/', 0, 3),
(14, 28, '2003-12-18', 3, 5275121, 13, '2006-05-30', 1051128, 'http://lorempixel.com/400/300/', 0, 45),
(15, 36, '1991-11-26', 5, 2327382, 7, '2014-09-26', 2618584, 'http://lorempixel.com/400/300/', 0, 44),
(16, 32, '2021-07-21', 5, 3011684, 58, '2003-08-07', 3262496, 'http://lorempixel.com/400/300/', 0, 48),
(17, 19, '1996-05-20', 5, 4307876, 4, '2001-12-30', 3450253, 'http://lorempixel.com/400/300/', 0, 36),
(18, 2, '2012-07-17', 4, 2822275, 72, '2019-07-17', 2883608, 'http://lorempixel.com/400/300/', 0, 28),
(19, 15, '2007-01-18', 2, 7539587, 86, '2021-11-24', 1916942, 'http://lorempixel.com/400/300/', 0, 13),
(20, 8, '1994-12-17', 1, 8291958, 41, '2005-11-27', 3948060, 'http://lorempixel.com/400/300/', 0, 37),
(21, 42, '1996-04-30', 5, 8877994, 93, '2009-02-24', 2520823, 'http://lorempixel.com/400/300/', 0, 10),
(22, 22, '1972-11-04', 3, 9075695, 120, '1972-06-04', 1641416, 'http://lorempixel.com/400/300/', 0, 10),
(23, 9, '1977-02-01', 1, 1807362, 49, '1980-10-01', 2547123, 'http://lorempixel.com/400/300/', 0, 38),
(24, 12, '1999-05-05', 4, 8192536, 62, '1975-07-11', 4001669, 'http://lorempixel.com/400/300/', 0, 9),
(25, 6, '1995-02-03', 2, 1697076, 101, '2012-08-27', 2928090, 'http://lorempixel.com/400/300/', 0, 1),
(26, 49, '1983-11-20', 1, 4178702, 97, '1980-08-06', 2121145, 'http://lorempixel.com/400/300/', 0, 48),
(27, 47, '2020-04-19', 2, 7012799, 91, '1999-03-09', 2096186, 'http://lorempixel.com/400/300/', 0, 40),
(28, 32, '1974-08-13', 3, 2895377, 48, '1981-06-17', 1110672, 'http://lorempixel.com/400/300/', 0, 29),
(29, 9, '1972-12-19', 4, 7482009, 61, '1996-03-29', 1850547, 'http://lorempixel.com/400/300/', 0, 47),
(30, 22, '2000-03-05', 5, 9161888, 55, '2016-08-07', 2811934, 'http://lorempixel.com/400/300/', 0, 50),
(31, 8, '1974-10-19', 4, 9057229, 41, '2022-03-12', 2617330, 'http://lorempixel.com/400/300/', 0, 49),
(32, 17, '2001-03-17', 1, 2378255, 38, '1981-07-03', 3284460, 'http://lorempixel.com/400/300/', 0, 26),
(33, 27, '2004-03-26', 2, 9810007, 116, '1994-12-12', 1780230, 'http://lorempixel.com/400/300/', 0, 33),
(34, 14, '1996-08-02', 3, 1515706, 112, '1988-02-11', 4229287, 'http://lorempixel.com/400/300/', 0, 17),
(35, 23, '1992-12-14', 4, 2087040, 65, '1997-07-07', 3571304, 'http://lorempixel.com/400/300/', 0, 36),
(36, 23, '1983-09-16', 3, 4752355, 2, '1985-01-14', 3026972, 'http://lorempixel.com/400/300/', 0, 38),
(37, 20, '2021-09-24', 3, 2311909, 25, '2021-09-03', 1582005, 'http://lorempixel.com/400/300/', 0, 7),
(38, 10, '2008-09-09', 1, 8264333, 56, '2018-06-14', 1669128, 'http://lorempixel.com/400/300/', 0, 28),
(39, 38, '1975-04-19', 2, 955837, 102, '2004-09-10', 1630078, 'http://lorempixel.com/400/300/', 0, 13),
(40, 35, '2020-04-10', 4, 3502010, 69, '2007-12-08', 1296199, 'http://lorempixel.com/400/300/', 0, 6),
(41, 34, '2012-06-28', 5, 2070409, 50, '2005-09-13', 1497983, 'http://lorempixel.com/400/300/', 0, 40),
(42, 32, '1986-11-10', 1, 5933328, 86, '1981-06-01', 1339285, 'http://lorempixel.com/400/300/', 0, 46),
(43, 8, '1983-11-20', 4, 8242142, 86, '1998-07-29', 2385783, 'http://lorempixel.com/400/300/', 0, 10),
(44, 40, '2003-10-09', 1, 5393048, 9, '2008-02-28', 2691703, 'http://lorempixel.com/400/300/', 0, 35),
(45, 7, '2020-05-02', 3, 5339609, 44, '2021-12-02', 1093232, 'http://lorempixel.com/400/300/', 0, 15),
(46, 42, '1971-02-02', 5, 2324653, 10, '2016-10-27', 4443524, 'http://lorempixel.com/400/300/', 0, 43),
(47, 30, '2018-10-26', 2, 1537067, 82, '2013-08-25', 1916973, 'http://lorempixel.com/400/300/', 0, 17),
(48, 37, '1975-08-07', 3, 4812537, 26, '1997-09-07', 3819178, 'http://lorempixel.com/400/300/', 0, 23),
(49, 14, '1993-08-12', 2, 3640984, 68, '1983-04-21', 1820533, 'http://lorempixel.com/400/300/', 0, 37),
(50, 26, '2017-07-08', 5, 3113268, 85, '2019-11-30', 2385092, 'http://lorempixel.com/400/300/', 0, 22),
(51, 32, '1991-03-22', 3, 3566465, 28, '2011-02-14', 4875849, 'http://lorempixel.com/400/300/', 0, 15),
(52, 21, '1975-02-24', 2, 791373, 20, '1976-02-21', 4458285, 'http://lorempixel.com/400/300/', 0, 25),
(53, 17, '1976-12-30', 2, 127343, 28, '1975-01-14', 1913509, 'http://lorempixel.com/400/300/', 0, 11),
(54, 26, '1980-07-06', 1, 5759457, 15, '1991-03-08', 4046877, 'http://lorempixel.com/400/300/', 0, 11),
(55, 10, '1995-01-04', 2, 1052808, 48, '2008-09-24', 1823060, 'http://lorempixel.com/400/300/', 0, 34),
(56, 25, '2021-05-31', 1, 9210469, 53, '1997-02-24', 4938465, 'http://lorempixel.com/400/300/', 0, 29),
(57, 17, '1995-05-04', 4, 7178436, 107, '2000-11-14', 2382440, 'http://lorempixel.com/400/300/', 0, 43),
(58, 34, '2004-08-02', 3, 3029517, 43, '1976-10-22', 4140595, 'http://lorempixel.com/400/300/', 0, 17),
(59, 6, '1989-07-20', 4, 7583624, 27, '1988-08-22', 4068757, 'http://lorempixel.com/400/300/', 0, 28),
(60, 42, '2012-05-03', 2, 9480559, 25, '2013-11-19', 1781700, 'http://lorempixel.com/400/300/', 0, 24),
(61, 14, '2003-05-13', 5, 5267617, 50, '1975-06-29', 2497043, 'http://lorempixel.com/400/300/', 0, 3),
(62, 29, '2001-01-22', 2, 6351409, 120, '1995-08-23', 1744864, 'http://lorempixel.com/400/300/', 0, 15),
(63, 3, '1974-04-15', 3, 9068025, 118, '1997-02-24', 1155202, 'http://lorempixel.com/400/300/', 0, 33),
(64, 14, '1999-07-10', 1, 8516176, 53, '1994-12-12', 2859036, 'http://lorempixel.com/400/300/', 0, 42),
(65, 25, '2005-03-05', 2, 6758552, 9, '2002-01-05', 4957899, 'http://lorempixel.com/400/300/', 0, 6),
(66, 8, '1978-02-17', 4, 5213569, 50, '2015-11-10', 2820565, 'http://lorempixel.com/400/300/', 0, 13),
(67, 37, '2008-11-13', 1, 5480006, 64, '1999-05-27', 3678441, 'http://lorempixel.com/400/300/', 0, 49),
(68, 29, '1985-10-21', 4, 4175477, 81, '2019-01-31', 1038519, 'http://lorempixel.com/400/300/', 0, 20),
(69, 46, '1999-08-17', 5, 2111148, 104, '2004-01-24', 2325167, 'http://lorempixel.com/400/300/', 0, 6),
(70, 24, '2012-08-04', 4, 8460760, 20, '2021-11-19', 3633663, 'http://lorempixel.com/400/300/', 0, 17),
(71, 48, '1977-04-13', 5, 3544976, 24, '1998-06-23', 3561512, 'http://lorempixel.com/400/300/', 0, 10),
(72, 50, '1970-10-14', 3, 842002, 47, '2003-01-01', 4208692, 'http://lorempixel.com/400/300/', 0, 23),
(73, 14, '2016-06-05', 4, 8165607, 22, '2013-11-01', 2192324, 'http://lorempixel.com/400/300/', 0, 3),
(74, 47, '1985-01-21', 5, 1874086, 47, '2020-03-16', 1256125, 'http://lorempixel.com/400/300/', 0, 8),
(75, 38, '2012-03-24', 2, 4001991, 98, '1973-10-25', 1726948, 'http://lorempixel.com/400/300/', 0, 23),
(76, 44, '1971-06-02', 3, 3086195, 97, '1982-02-21', 4220110, 'http://lorempixel.com/400/300/', 0, 12),
(77, 6, '2000-05-22', 2, 4654060, 101, '1976-06-04', 1438004, 'http://lorempixel.com/400/300/', 0, 17),
(78, 5, '2008-12-27', 5, 6757830, 89, '2008-01-24', 1368654, 'http://lorempixel.com/400/300/', 0, 6),
(79, 25, '1984-05-25', 4, 6452238, 70, '1998-12-02', 4642973, 'http://lorempixel.com/400/300/', 0, 1),
(80, 30, '1981-05-10', 2, 615893, 16, '1974-08-13', 2669856, 'http://lorempixel.com/400/300/', 0, 37),
(81, 46, '2013-04-15', 1, 6463264, 101, '2019-11-27', 4687717, 'http://lorempixel.com/400/300/', 0, 37),
(82, 6, '2001-03-27', 1, 376195, 108, '1972-08-09', 3771659, 'http://lorempixel.com/400/300/', 0, 15),
(83, 28, '2001-01-12', 3, 3008441, 53, '1984-01-29', 2868641, 'http://lorempixel.com/400/300/', 0, 46),
(84, 30, '1996-06-15', 2, 4012936, 23, '2014-11-13', 2827289, 'http://lorempixel.com/400/300/', 0, 40),
(85, 38, '1993-08-09', 1, 4567427, 47, '1985-05-03', 2248191, 'http://lorempixel.com/400/300/', 0, 9),
(86, 10, '2010-01-19', 5, 2230124, 92, '2013-05-12', 4514590, 'http://lorempixel.com/400/300/', 0, 35),
(87, 21, '1993-12-26', 1, 671459, 120, '1983-07-27', 3391845, 'http://lorempixel.com/400/300/', 0, 48),
(88, 38, '1999-04-22', 1, 4847755, 37, '1996-06-01', 1097551, 'http://lorempixel.com/400/300/', 0, 40),
(89, 44, '1974-05-30', 4, 98048, 78, '2004-08-02', 2766269, 'http://lorempixel.com/400/300/', 0, 27),
(90, 44, '2009-04-07', 2, 1648747, 73, '2022-03-24', 2977390, 'http://lorempixel.com/400/300/', 0, 38),
(91, 30, '1993-06-21', 1, 1526586, 118, '1976-02-27', 1203803, 'http://lorempixel.com/400/300/', 0, 46),
(92, 17, '2016-05-15', 2, 8242758, 91, '2009-04-11', 2788765, 'http://lorempixel.com/400/300/', 0, 3),
(93, 31, '2012-11-06', 5, 1916983, 96, '1982-12-22', 4841481, 'http://lorempixel.com/400/300/', 0, 25),
(94, 26, '1975-05-28', 3, 9899274, 103, '1979-10-03', 2470638, 'http://lorempixel.com/400/300/', 0, 43),
(95, 16, '1978-10-19', 1, 2770871, 55, '2017-05-11', 1188990, 'http://lorempixel.com/400/300/', 0, 49),
(96, 24, '1992-08-17', 2, 2284325, 37, '1999-05-11', 1088462, 'http://lorempixel.com/400/300/', 0, 49),
(97, 9, '2005-07-20', 4, 459803, 54, '1975-07-01', 2735489, 'http://lorempixel.com/400/300/', 0, 5),
(98, 6, '1976-01-29', 3, 8574723, 110, '2005-08-12', 3157413, 'http://lorempixel.com/400/300/', 0, 15),
(99, 46, '1976-04-28', 2, 8118532, 87, '1984-07-04', 1272957, 'http://lorempixel.com/400/300/', 0, 49),
(100, 22, '2011-05-23', 2, 340946, 25, '1998-06-24', 1891513, 'http://lorempixel.com/400/300/', 0, 13),
(101, 10, '2007-01-26', 5, 6054996, 74, '2016-11-30', 2553214, 'http://lorempixel.com/400/300/', 0, 22),
(102, 5, '1994-04-02', 1, 4960687, 63, '2007-05-12', 1662157, 'http://lorempixel.com/400/300/', 0, 36),
(103, 8, '2020-09-27', 4, 777222, 80, '1982-12-30', 1672592, 'http://lorempixel.com/400/300/', 0, 28),
(104, 32, '1986-11-10', 2, 4680762, 62, '2004-12-15', 3515045, 'http://lorempixel.com/400/300/', 0, 50),
(105, 25, '1983-07-20', 3, 3273073, 64, '2006-01-30', 4019316, 'http://lorempixel.com/400/300/', 0, 8),
(106, 24, '1986-10-09', 1, 8233996, 92, '1974-12-31', 4275559, 'http://lorempixel.com/400/300/', 0, 27),
(107, 22, '1977-10-30', 2, 5811422, 54, '1994-04-19', 4740891, 'http://lorempixel.com/400/300/', 0, 15),
(108, 27, '2022-02-01', 2, 8755004, 54, '2009-10-20', 1603119, 'http://lorempixel.com/400/300/', 0, 41),
(109, 42, '2004-09-06', 2, 4323740, 28, '1994-02-16', 1893290, 'http://lorempixel.com/400/300/', 0, 11),
(110, 41, '2004-08-12', 4, 7150302, 39, '1994-11-22', 3168448, 'http://lorempixel.com/400/300/', 0, 23),
(111, 3, '2004-06-18', 5, 9057865, 49, '1986-04-02', 1186566, 'http://lorempixel.com/400/300/', 0, 15),
(112, 24, '1977-09-18', 5, 2924862, 50, '1976-04-08', 2973909, 'http://lorempixel.com/400/300/', 0, 23),
(113, 10, '2008-03-31', 1, 9245273, 120, '2010-10-23', 2610561, 'http://lorempixel.com/400/300/', 0, 11),
(114, 38, '1973-12-27', 4, 1654135, 96, '1991-10-15', 1337468, 'http://lorempixel.com/400/300/', 0, 25),
(115, 37, '2018-05-31', 1, 5026056, 8, '1994-07-15', 4545202, 'http://lorempixel.com/400/300/', 0, 5),
(116, 45, '1974-09-22', 4, 5919694, 48, '1981-09-22', 1578389, 'http://lorempixel.com/400/300/', 0, 7),
(117, 21, '1993-12-01', 1, 5995581, 23, '1987-01-01', 3214182, 'http://lorempixel.com/400/300/', 0, 18),
(118, 36, '1975-01-12', 4, 3180278, 72, '1974-09-25', 3137391, 'http://lorempixel.com/400/300/', 0, 34),
(119, 26, '1990-10-15', 3, 6608032, 94, '1980-06-06', 4578244, 'http://lorempixel.com/400/300/', 0, 45),
(120, 37, '2010-10-13', 2, 3057097, 117, '1979-06-05', 3818803, 'http://lorempixel.com/400/300/', 0, 28),
(121, 9, '2005-01-30', 2, 3587622, 40, '1975-08-31', 4754553, 'http://lorempixel.com/400/300/', 0, 21),
(122, 23, '2002-08-29', 4, 8648589, 56, '1977-04-11', 3079171, 'http://lorempixel.com/400/300/', 0, 17),
(123, 46, '2006-04-30', 5, 1307903, 22, '2003-12-22', 2203909, 'http://lorempixel.com/400/300/', 0, 21),
(124, 6, '2008-11-11', 4, 8682810, 70, '1976-04-12', 3443443, 'http://lorempixel.com/400/300/', 0, 6),
(125, 31, '2002-06-16', 3, 8283678, 72, '2000-12-04', 3667576, 'http://lorempixel.com/400/300/', 0, 15),
(126, 35, '1978-09-21', 2, 4040407, 32, '1981-03-23', 1074075, 'http://lorempixel.com/400/300/', 0, 47),
(127, 42, '2016-05-30', 4, 8539883, 5, '1997-05-23', 3147334, 'http://lorempixel.com/400/300/', 0, 2),
(128, 9, '1975-12-02', 3, 6801084, 3, '2016-05-15', 4952494, 'http://lorempixel.com/400/300/', 0, 33),
(129, 42, '1986-02-03', 5, 1011259, 107, '2002-09-23', 4289249, 'http://lorempixel.com/400/300/', 0, 5),
(130, 37, '2019-07-17', 4, 4907449, 75, '1995-12-06', 4321236, 'http://lorempixel.com/400/300/', 0, 18),
(131, 15, '2008-12-29', 5, 9507901, 97, '2016-07-10', 3987872, 'http://lorempixel.com/400/300/', 0, 33),
(132, 35, '2019-05-02', 2, 9058441, 83, '2001-08-08', 4543431, 'http://lorempixel.com/400/300/', 0, 21),
(133, 2, '2004-02-08', 1, 2382756, 69, '1993-06-21', 1547501, 'http://lorempixel.com/400/300/', 0, 20),
(134, 22, '1975-10-27', 2, 1562724, 67, '2002-09-16', 1675927, 'http://lorempixel.com/400/300/', 0, 5),
(135, 27, '2007-08-11', 5, 2350914, 36, '1998-06-06', 1339292, 'http://lorempixel.com/400/300/', 0, 27),
(136, 42, '1987-09-10', 4, 685536, 28, '2008-02-27', 4646104, 'http://lorempixel.com/400/300/', 0, 43),
(137, 39, '1995-09-06', 3, 4788702, 20, '1976-04-15', 2576465, 'http://lorempixel.com/400/300/', 0, 30),
(138, 40, '1972-01-24', 4, 666826, 22, '1999-06-07', 3961255, 'http://lorempixel.com/400/300/', 0, 2),
(139, 22, '1992-04-02', 3, 6776327, 24, '2015-01-08', 3945283, 'http://lorempixel.com/400/300/', 0, 49),
(140, 27, '2021-12-18', 1, 6420373, 64, '2008-05-25', 4862681, 'http://lorempixel.com/400/300/', 0, 33),
(141, 44, '2006-05-22', 3, 4460936, 65, '1975-07-19', 1962040, 'http://lorempixel.com/400/300/', 0, 25),
(142, 26, '1990-11-08', 1, 2539144, 21, '1995-07-26', 1087662, 'http://lorempixel.com/400/300/', 0, 40),
(143, 47, '2016-12-23', 1, 8803796, 95, '2022-02-12', 4707950, 'http://lorempixel.com/400/300/', 0, 50),
(144, 16, '1992-03-30', 4, 2608098, 43, '2001-11-14', 2135433, 'http://lorempixel.com/400/300/', 0, 16),
(145, 21, '2000-12-31', 1, 1720261, 79, '1980-10-21', 4870687, 'http://lorempixel.com/400/300/', 0, 12),
(146, 48, '2019-05-04', 1, 5777940, 57, '1974-07-15', 2423686, 'http://lorempixel.com/400/300/', 0, 44),
(147, 40, '2013-11-21', 4, 9892307, 58, '1982-10-13', 1512383, 'http://lorempixel.com/400/300/', 0, 16),
(148, 20, '2016-12-22', 3, 2997360, 31, '1990-02-05', 2355972, 'http://lorempixel.com/400/300/', 0, 47),
(149, 21, '1983-09-12', 1, 7844313, 108, '1970-07-05', 2964423, 'http://lorempixel.com/400/300/', 0, 20),
(150, 20, '1970-08-03', 3, 8736351, 33, '1994-01-03', 1862975, 'http://lorempixel.com/400/300/', 0, 29),
(151, 2, '2004-08-18', 3, 3116541, 16, '1974-02-12', 2488355, 'http://lorempixel.com/400/300/', 0, 3),
(152, 27, '1992-06-11', 5, 6790768, 4, '2002-06-23', 1797806, 'http://lorempixel.com/400/300/', 0, 12),
(153, 17, '1974-10-06', 5, 3581613, 28, '2006-06-05', 4035429, 'http://lorempixel.com/400/300/', 0, 22),
(154, 17, '2006-10-30', 1, 4781990, 41, '2005-12-31', 4377052, 'http://lorempixel.com/400/300/', 0, 3),
(155, 32, '2008-10-17', 3, 5566814, 81, '2004-05-13', 4619097, 'http://lorempixel.com/400/300/', 0, 12),
(156, 44, '2012-02-02', 3, 4678861, 36, '1991-02-03', 1584688, 'http://lorempixel.com/400/300/', 0, 12),
(157, 37, '1979-07-01', 2, 1719980, 102, '1974-09-27', 3668106, 'http://lorempixel.com/400/300/', 0, 1),
(158, 3, '2018-12-10', 4, 4781813, 12, '2012-03-02', 4568790, 'http://lorempixel.com/400/300/', 0, 29),
(159, 50, '1975-01-08', 1, 8401584, 90, '1988-09-21', 2347321, 'http://lorempixel.com/400/300/', 0, 29),
(160, 19, '1995-12-07', 3, 1683295, 10, '1979-03-08', 1450554, 'http://lorempixel.com/400/300/', 0, 6),
(161, 48, '2020-11-17', 3, 7089973, 66, '2011-11-11', 2010429, 'http://lorempixel.com/400/300/', 0, 27),
(162, 1, '1991-10-29', 1, 3282630, 34, '1998-02-26', 2187688, 'http://lorempixel.com/400/300/', 0, 23),
(163, 12, '2008-01-02', 3, 4789226, 79, '1995-04-18', 4345126, 'http://lorempixel.com/400/300/', 0, 16),
(164, 33, '1990-06-06', 4, 6440969, 56, '2005-02-14', 2465286, 'http://lorempixel.com/400/300/', 0, 26),
(165, 36, '1971-10-27', 2, 1667943, 120, '1988-11-22', 3038137, 'http://lorempixel.com/400/300/', 0, 6),
(166, 47, '2020-01-06', 2, 108554, 23, '1976-02-11', 1284338, 'http://lorempixel.com/400/300/', 0, 32),
(167, 8, '1977-08-27', 5, 7052545, 64, '1995-09-10', 2289376, 'http://lorempixel.com/400/300/', 0, 49),
(168, 8, '1981-09-02', 1, 6578536, 20, '2004-04-29', 2601106, 'http://lorempixel.com/400/300/', 0, 35),
(169, 37, '2013-11-04', 1, 906604, 17, '2007-08-01', 4019965, 'http://lorempixel.com/400/300/', 0, 41),
(170, 15, '1980-06-20', 2, 3389201, 29, '1978-04-23', 2054478, 'http://lorempixel.com/400/300/', 0, 16),
(171, 21, '2021-12-29', 2, 2797646, 115, '1976-11-08', 2878047, 'http://lorempixel.com/400/300/', 0, 44),
(172, 47, '2014-03-15', 2, 2651046, 67, '2006-09-29', 1091880, 'http://lorempixel.com/400/300/', 0, 48),
(173, 19, '1974-04-22', 3, 9901951, 106, '1995-02-01', 1100623, 'http://lorempixel.com/400/300/', 0, 18),
(174, 35, '1974-05-18', 2, 3459657, 68, '1986-03-26', 2978610, 'http://lorempixel.com/400/300/', 0, 5),
(175, 11, '1973-05-14', 5, 4041851, 53, '2014-09-18', 3768878, 'http://lorempixel.com/400/300/', 0, 23),
(176, 16, '2010-01-28', 5, 8165691, 56, '2011-01-16', 4775421, 'http://lorempixel.com/400/300/', 0, 35),
(177, 48, '2013-04-10', 1, 2961875, 55, '1978-08-25', 4597134, 'http://lorempixel.com/400/300/', 0, 33),
(178, 46, '2006-10-26', 1, 5462560, 29, '1989-08-15', 4261255, 'http://lorempixel.com/400/300/', 0, 34),
(179, 31, '2012-02-21', 5, 3436468, 114, '2005-04-15', 3597500, 'http://lorempixel.com/400/300/', 0, 35),
(180, 21, '2009-01-06', 1, 3401723, 2, '2022-03-22', 1512096, 'http://lorempixel.com/400/300/', 0, 4),
(181, 37, '1988-12-30', 3, 3072658, 2, '2010-04-30', 4980240, 'http://lorempixel.com/400/300/', 0, 21),
(182, 30, '1999-11-18', 3, 7533856, 64, '1975-09-20', 3668979, 'http://lorempixel.com/400/300/', 0, 39),
(183, 28, '1981-06-05', 5, 7887144, 65, '1991-02-08', 2118426, 'http://lorempixel.com/400/300/', 0, 17),
(184, 45, '1998-04-01', 3, 6435585, 41, '1986-06-08', 2931770, 'http://lorempixel.com/400/300/', 0, 28),
(185, 49, '2018-09-08', 4, 8004224, 63, '1990-07-16', 2235985, 'http://lorempixel.com/400/300/', 0, 24),
(186, 22, '2003-02-26', 1, 8147046, 27, '2018-04-21', 2547142, 'http://lorempixel.com/400/300/', 0, 17),
(187, 6, '1975-10-18', 1, 6101745, 57, '1978-02-20', 4226006, 'http://lorempixel.com/400/300/', 0, 18),
(188, 38, '2017-03-26', 5, 2403565, 15, '1997-04-27', 2461654, 'http://lorempixel.com/400/300/', 0, 26),
(189, 22, '2019-04-20', 3, 6214763, 17, '1999-10-30', 4885476, 'http://lorempixel.com/400/300/', 0, 20),
(190, 7, '1989-07-27', 5, 93292, 93, '1974-06-22', 3969145, 'http://lorempixel.com/400/300/', 0, 30),
(191, 10, '2001-12-06', 4, 3281490, 75, '2012-03-25', 4409155, 'http://lorempixel.com/400/300/', 0, 9),
(192, 31, '2022-02-21', 2, 4059321, 14, '2021-02-08', 3330139, 'http://lorempixel.com/400/300/', 0, 35),
(193, 19, '1994-03-04', 5, 3503409, 43, '2007-11-21', 4171159, 'http://lorempixel.com/400/300/', 0, 29),
(194, 36, '2018-07-25', 4, 1045623, 27, '2005-02-09', 4312184, 'http://lorempixel.com/400/300/', 0, 9),
(195, 14, '1976-05-26', 4, 9341159, 14, '2005-09-20', 1780070, 'http://lorempixel.com/400/300/', 0, 48),
(196, 38, '2003-07-24', 1, 6870231, 90, '2009-04-03', 2067046, 'http://lorempixel.com/400/300/', 0, 2),
(197, 4, '1990-05-19', 2, 4513599, 67, '1974-10-26', 2428216, 'http://lorempixel.com/400/300/', 0, 4),
(198, 21, '1986-11-24', 5, 7029940, 55, '1990-07-02', 3857983, 'http://lorempixel.com/400/300/', 0, 1),
(199, 47, '1973-01-29', 3, 5455452, 40, '2012-11-12', 1549324, 'http://lorempixel.com/400/300/', 0, 28),
(200, 17, '1981-10-11', 3, 3081663, 98, '2001-04-07', 3373373, 'http://lorempixel.com/400/300/', 0, 26),
(201, 46, '1980-02-13', 4, 5076343, 87, '1986-02-22', 2413916, 'http://lorempixel.com/400/300/', 0, 10),
(202, 4, '1975-08-07', 2, 4233666, 54, '1972-04-03', 3515996, 'http://lorempixel.com/400/300/', 0, 25),
(203, 38, '1984-12-14', 4, 4168174, 40, '1996-11-03', 1114502, 'http://lorempixel.com/400/300/', 0, 16),
(204, 17, '1993-10-24', 3, 997543, 39, '2004-03-05', 3750382, 'http://lorempixel.com/400/300/', 0, 2),
(205, 25, '1992-08-05', 4, 819850, 79, '2002-10-01', 1253626, 'http://lorempixel.com/400/300/', 0, 37),
(206, 23, '2021-06-12', 3, 2366538, 74, '2006-12-11', 4688982, 'http://lorempixel.com/400/300/', 0, 43),
(207, 25, '1993-12-16', 3, 1030938, 86, '1972-10-26', 1784932, 'http://lorempixel.com/400/300/', 0, 5),
(208, 28, '2021-08-18', 5, 4373025, 27, '2021-12-29', 3202056, 'http://lorempixel.com/400/300/', 0, 5),
(209, 28, '1989-09-28', 5, 9837000, 80, '1999-07-12', 4854246, 'http://lorempixel.com/400/300/', 0, 26),
(210, 6, '2002-11-12', 1, 4177575, 29, '1975-08-29', 4384683, 'http://lorempixel.com/400/300/', 0, 4),
(211, 32, '1971-09-08', 1, 2995542, 29, '2004-06-21', 3213932, 'http://lorempixel.com/400/300/', 0, 41),
(212, 42, '1975-08-18', 1, 3780202, 25, '1983-05-18', 1554627, 'http://lorempixel.com/400/300/', 0, 9),
(213, 16, '1977-12-11', 5, 6707662, 109, '2022-02-15', 2771900, 'http://lorempixel.com/400/300/', 0, 46),
(214, 31, '1986-06-07', 2, 6573441, 77, '1973-03-30', 1882172, 'http://lorempixel.com/400/300/', 0, 18),
(215, 33, '1988-02-18', 4, 9878835, 55, '1976-03-01', 1813626, 'http://lorempixel.com/400/300/', 0, 4),
(216, 20, '2007-10-08', 1, 4788411, 91, '1990-02-28', 2688207, 'http://lorempixel.com/400/300/', 0, 26),
(217, 12, '1980-03-08', 4, 4046310, 98, '1996-05-22', 2276988, 'http://lorempixel.com/400/300/', 0, 2),
(218, 17, '1995-11-15', 2, 8478096, 81, '2002-08-31', 1000414, 'http://lorempixel.com/400/300/', 0, 50),
(219, 21, '1972-03-23', 4, 9403279, 92, '1971-08-26', 4073313, 'http://lorempixel.com/400/300/', 0, 43),
(220, 47, '1994-09-03', 5, 7208753, 90, '1973-10-22', 1732016, 'http://lorempixel.com/400/300/', 0, 3),
(221, 50, '1993-10-21', 3, 7268952, 37, '2013-06-29', 4570143, 'http://lorempixel.com/400/300/', 0, 7),
(222, 40, '2016-09-06', 2, 3759899, 71, '1981-08-16', 4464806, 'http://lorempixel.com/400/300/', 0, 16),
(223, 49, '2000-09-12', 4, 9772844, 60, '1998-02-14', 4499914, 'http://lorempixel.com/400/300/', 0, 12),
(224, 45, '1975-11-17', 2, 8158634, 98, '1976-11-15', 1982577, 'http://lorempixel.com/400/300/', 0, 24),
(225, 12, '1993-07-04', 5, 8552304, 4, '1984-09-26', 3493992, 'http://lorempixel.com/400/300/', 0, 11),
(226, 15, '1977-03-19', 2, 3981882, 75, '2018-10-30', 1266022, 'http://lorempixel.com/400/300/', 0, 21),
(227, 41, '2015-01-04', 3, 4295660, 35, '1985-12-03', 3258607, 'http://lorempixel.com/400/300/', 0, 4),
(228, 43, '2009-12-24', 5, 4560863, 88, '1979-11-09', 4605934, 'http://lorempixel.com/400/300/', 0, 15),
(229, 42, '1997-10-05', 2, 2244991, 35, '2016-05-08', 1036613, 'http://lorempixel.com/400/300/', 0, 4),
(230, 35, '2003-01-21', 1, 1666853, 67, '2019-05-23', 3394161, 'http://lorempixel.com/400/300/', 0, 48),
(231, 37, '2011-04-04', 1, 2654674, 20, '1995-05-12', 2506597, 'http://lorempixel.com/400/300/', 0, 23),
(232, 44, '1980-03-12', 5, 3752277, 67, '1986-01-01', 3461953, 'http://lorempixel.com/400/300/', 0, 40),
(233, 9, '1976-05-24', 5, 5531550, 105, '1984-06-23', 1363475, 'http://lorempixel.com/400/300/', 0, 22),
(234, 20, '1976-03-17', 5, 9303834, 86, '1985-12-03', 2303116, 'http://lorempixel.com/400/300/', 0, 35),
(235, 43, '1997-04-19', 1, 9886795, 35, '2012-05-23', 3997553, 'http://lorempixel.com/400/300/', 0, 30),
(236, 4, '2010-06-12', 2, 4001339, 3, '2014-06-12', 2408869, 'http://lorempixel.com/400/300/', 0, 44),
(237, 24, '2012-09-06', 1, 1124369, 3, '2000-05-30', 1062907, 'http://lorempixel.com/400/300/', 0, 21),
(238, 28, '2021-12-17', 1, 2895172, 4, '2000-03-22', 1402340, 'http://lorempixel.com/400/300/', 0, 14),
(239, 42, '2006-03-03', 5, 8800047, 114, '1979-09-27', 1901898, 'http://lorempixel.com/400/300/', 0, 27),
(240, 46, '1996-12-30', 3, 1586634, 71, '1987-09-24', 4661094, 'http://lorempixel.com/400/300/', 0, 36),
(241, 43, '1984-03-22', 2, 8157377, 46, '1991-12-29', 3776416, 'http://lorempixel.com/400/300/', 0, 45),
(242, 16, '1998-12-06', 1, 3471408, 79, '2014-11-27', 1524971, 'http://lorempixel.com/400/300/', 0, 44),
(243, 5, '1976-04-18', 2, 180793, 80, '2007-01-15', 2845401, 'http://lorempixel.com/400/300/', 0, 41),
(244, 26, '2003-08-17', 4, 1649895, 1, '1974-07-22', 3444836, 'http://lorempixel.com/400/300/', 0, 32),
(245, 10, '2008-04-22', 3, 2153096, 97, '2010-07-12', 1965203, 'http://lorempixel.com/400/300/', 0, 35),
(246, 40, '2016-08-29', 4, 2757846, 27, '2016-11-14', 1209890, 'http://lorempixel.com/400/300/', 0, 3),
(247, 34, '1970-11-01', 1, 8173189, 46, '1981-12-23', 1344982, 'http://lorempixel.com/400/300/', 0, 12),
(248, 4, '2010-05-05', 4, 8752112, 104, '1987-09-03', 4251467, 'http://lorempixel.com/400/300/', 0, 13),
(249, 17, '1992-07-03', 3, 294621, 100, '1993-11-14', 2859958, 'http://lorempixel.com/400/300/', 0, 5),
(250, 43, '1970-01-19', 2, 6285504, 87, '2021-09-09', 2765288, 'http://lorempixel.com/400/300/', 0, 32);

-- --------------------------------------------------------

--
-- Table structure for table `akun`
--

CREATE TABLE `akun` (
  `nip` bigint(20) NOT NULL,
  `nama` varchar(50) NOT NULL,
  `sandi` varchar(30) NOT NULL,
  `kelamin` tinyint(4) NOT NULL,
  `tempat_lahir` varchar(50) NOT NULL,
  `tanggal_lahir` date NOT NULL,
  `alamat` varchar(100) NOT NULL,
  `pos` mediumint(9) NOT NULL,
  `hp` varchar(13) NOT NULL,
  `instansi` int(11) NOT NULL,
  `ktp_suami` varchar(200) DEFAULT NULL,
  `ktp_istri` varchar(200) DEFAULT NULL,
  `foto_3x4` varchar(200) NOT NULL,
  `status` tinyint(4) NOT NULL,
  `jabatan` tinyint(4) NOT NULL,
  `gabung` date NOT NULL
) ENGINE=InnoDB DEFAULT CHARSET=utf8;

--
-- Dumping data for table `akun`
--

INSERT INTO `akun` (`nip`, `nama`, `sandi`, `kelamin`, `tempat_lahir`, `tanggal_lahir`, `alamat`, `pos`, `hp`, `instansi`, `ktp_suami`, `ktp_istri`, `foto_3x4`, `status`, `jabatan`, `gabung`) VALUES
(1, 'Prof. Devonte Spinka', 'sint', 1, 'Port Nathaniel', '1994-10-17', '980 Shirley Squares\nLake Norvalland, NE 75252-8625', 17406, '6285476444817', 7, 'http://lorempixel.com/400/300/', 'http://lorempixel.com/400/300/', 'http://lorempixel.com/300/400/', 2, 2, '1999-12-31'),
(2, 'Robbie Harris', 'iusto', 1, 'Port Bell', '2012-02-21', '270 Lemke Drive\nNorth Karinashire, KY 27785', 48329, '6285293517409', 10, 'http://lorempixel.com/400/300/', 'http://lorempixel.com/400/300/', 'http://lorempixel.com/300/400/', 1, 3, '2009-07-03'),
(3, 'Eldora Roob Sr.', 'aut', 2, 'South Wilfridborough', '2009-02-11', '53776 Jane Causeway\nLexiborough, RI 35150', 11129, '6283180896112', 7, 'http://lorempixel.com/400/300/', 'http://lorempixel.com/400/300/', 'http://lorempixel.com/300/400/', 2, 1, '1996-12-18'),
(4, 'Mrs. Alice McClure Jr.', 'voluptate', 2, 'New Mandyborough', '1985-04-27', '1923 Hadley Spring Apt. 882\nMcDermottton, MO 52949-2862', 81540, '6286899646699', 3, 'http://lorempixel.com/400/300/', 'http://lorempixel.com/400/300/', 'http://lorempixel.com/300/400/', 1, 1, '1996-12-27'),
(5, 'Samson Collins', 'iste', 2, 'New Joliebury', '2005-03-10', '87648 Thompson Village Apt. 743\nNew Rasheed, ND 37870-9287', 34908, '6282428739820', 7, 'http://lorempixel.com/400/300/', 'http://lorempixel.com/400/300/', 'http://lorempixel.com/300/400/', 2, 1, '1987-08-14'),
(6, 'Jordan McCullough', 'beatae', 1, 'Heidenreichfurt', '1971-12-22', '28205 Everette Courts Apt. 693\nPort Easton, NH 74317', 51085, '6285699969083', 9, 'http://lorempixel.com/400/300/', 'http://lorempixel.com/400/300/', 'http://lorempixel.com/300/400/', 2, 2, '1988-10-07'),
(7, 'Kurt McClure', 'sunt', 1, 'North Katelynn', '2010-11-09', '83339 Sunny Street\nWest Laneyland, UT 02776-3638', 23342, '6283326315818', 2, 'http://lorempixel.com/400/300/', 'http://lorempixel.com/400/300/', 'http://lorempixel.com/300/400/', 1, 3, '2016-03-18'),
(8, 'Ms. Rubye Hayes', 'unde', 2, 'Emardfurt', '1980-02-26', '934 Dorris Trafficway Apt. 392\nPort Gaetanotown, WI 35562', 16243, '6289394465858', 2, 'http://lorempixel.com/400/300/', 'http://lorempixel.com/400/300/', 'http://lorempixel.com/300/400/', 2, 1, '1999-05-03'),
(9, 'Dr. Karolann Langosh', 'et', 1, 'Effertzberg', '2018-01-15', '436 Morissette Port Suite 004\nEast Hopeburgh, OR 76478-5477', 95881, '6282404854967', 4, 'http://lorempixel.com/400/300/', 'http://lorempixel.com/400/300/', 'http://lorempixel.com/300/400/', 2, 3, '1999-09-22'),
(10, 'Maybell Thompson', 'veritatis', 1, 'Port Garfieldmouth', '1989-07-29', '1301 Block Unions\nAlleneville, CO 90681', 30091, '6289380755414', 5, 'http://lorempixel.com/400/300/', 'http://lorempixel.com/400/300/', 'http://lorempixel.com/300/400/', 2, 2, '2019-10-24'),
(11, 'Lyla Will', 'aperiam', 2, 'Bernitaland', '1995-08-06', '36012 Trent Road Apt. 137\nWest Fanny, WY 35608', 85046, '6283467722539', 2, 'http://lorempixel.com/400/300/', 'http://lorempixel.com/400/300/', 'http://lorempixel.com/300/400/', 2, 2, '1984-07-27'),
(12, 'Prof. Nayeli Schuster', 'dolorum', 2, 'New Josefinaberg', '2008-04-09', '11484 Kreiger Wells Suite 283\nZiemeburgh, GA 45440', 37075, '6282684216583', 4, 'http://lorempixel.com/400/300/', 'http://lorempixel.com/400/300/', 'http://lorempixel.com/300/400/', 1, 1, '1973-01-20'),
(13, 'Prof. Madalyn Flatley', 'accusamus', 1, 'Stammside', '1977-06-12', '47701 Casper Views\nSouth Gideon, CO 96637-5330', 15937, '6285023848866', 2, 'http://lorempixel.com/400/300/', 'http://lorempixel.com/400/300/', 'http://lorempixel.com/300/400/', 2, 3, '1974-05-18'),
(14, 'Jadyn Terry', 'ipsum', 1, 'Port George', '1975-10-09', '3321 Zoe Light Apt. 296\nThompsonfurt, FL 27271-8842', 20201, '6289587858619', 4, 'http://lorempixel.com/400/300/', 'http://lorempixel.com/400/300/', 'http://lorempixel.com/300/400/', 1, 1, '2012-07-19'),
(15, 'Ofelia Marvin', 'veritatis', 2, 'Port Jacquesbury', '1974-01-28', '8483 Audie Hill Suite 762\nPort Carlie, PA 74135-1268', 76559, '6283325751696', 9, 'http://lorempixel.com/400/300/', 'http://lorempixel.com/400/300/', 'http://lorempixel.com/300/400/', 2, 3, '2016-10-22'),
(16, 'Renee Bernier', 'nam', 2, 'Bergemouth', '1972-08-28', '933 Doyle Place\nHayesstad, WV 87892', 79496, '6283717682398', 8, 'http://lorempixel.com/400/300/', 'http://lorempixel.com/400/300/', 'http://lorempixel.com/300/400/', 2, 1, '1987-11-13'),
(17, 'Taylor Bechtelar', 'natus', 1, 'Lake Jevon', '2015-11-16', '9443 Brekke Fields\nSouth Camryn, AL 39471', 40435, '6283550003893', 5, 'http://lorempixel.com/400/300/', 'http://lorempixel.com/400/300/', 'http://lorempixel.com/300/400/', 2, 3, '1988-07-12'),
(18, 'Mr. Madisen Bechtelar Jr.', 'et', 2, 'Beierland', '2001-11-30', '75743 Josephine Dale\nNorth Cathryn, NY 02380-0643', 28638, '6282689868750', 4, 'http://lorempixel.com/400/300/', 'http://lorempixel.com/400/300/', 'http://lorempixel.com/300/400/', 2, 1, '1970-06-28'),
(19, 'Dante Swaniawski', 'ratione', 1, 'Cronahaven', '1971-12-26', '04314 Gunner Forest Suite 571\nSouth Evashire, MO 09911-4224', 44251, '6286144205231', 8, 'http://lorempixel.com/400/300/', 'http://lorempixel.com/400/300/', 'http://lorempixel.com/300/400/', 2, 2, '1988-04-30'),
(20, 'Hipolito Marvin', 'qui', 1, 'Lake Alexandraton', '2008-12-22', '7104 Brown Land Suite 906\nLeolaville, OK 04820', 22561, '6281693875666', 10, 'http://lorempixel.com/400/300/', 'http://lorempixel.com/400/300/', 'http://lorempixel.com/300/400/', 1, 1, '2007-01-17'),
(21, 'Salvador Weber', 'quod', 2, 'West Marjoriehaven', '2009-02-27', '595 Duncan Crescent\nPort Meredith, NE 48309', 84178, '6286092727129', 1, 'http://lorempixel.com/400/300/', 'http://lorempixel.com/400/300/', 'http://lorempixel.com/300/400/', 1, 2, '2021-05-15'),
(22, 'Woodrow Corkery', 'et', 2, 'Verliemouth', '1992-06-03', '793 Aaron Harbor\nEast Erwinmouth, HI 88335-3417', 45408, '6285128889485', 2, 'http://lorempixel.com/400/300/', 'http://lorempixel.com/400/300/', 'http://lorempixel.com/300/400/', 2, 1, '1992-12-10'),
(23, 'Margarete Mann', 'sit', 1, 'West Orlando', '2011-12-25', '34853 Amiya Pines Suite 370\nWest Juvenal, IN 41591', 11456, '6289408380836', 5, 'http://lorempixel.com/400/300/', 'http://lorempixel.com/400/300/', 'http://lorempixel.com/300/400/', 2, 1, '2016-09-11'),
(24, 'Harry Stehr II', 'quia', 2, 'Hodkiewiczfort', '1986-09-07', '48067 Gerlach Rest\nNew Hopeside, CA 69652', 27162, '6285098031378', 10, 'http://lorempixel.com/400/300/', 'http://lorempixel.com/400/300/', 'http://lorempixel.com/300/400/', 2, 2, '2006-05-31'),
(25, 'Dr. Tremaine Green', 'et', 1, 'Lake Amariborough', '2003-05-06', '5206 Edyth Island\nNorth Ofelia, NV 57564', 37084, '6283304700990', 10, 'http://lorempixel.com/400/300/', 'http://lorempixel.com/400/300/', 'http://lorempixel.com/300/400/', 1, 2, '2008-06-21'),
(26, 'Lizzie Howell', 'a', 2, 'Schroederberg', '1989-12-24', '50655 Spinka Lane\nLake Marcella, CT 35061', 17867, '6284854722594', 10, 'http://lorempixel.com/400/300/', 'http://lorempixel.com/400/300/', 'http://lorempixel.com/300/400/', 2, 3, '1991-09-26'),
(27, 'Omer Gerlach Sr.', 'ullam', 2, 'Gertrudefort', '1980-10-11', '5861 Ottis Club\nTurnerbury, WI 58378-0916', 88176, '6284207749700', 6, 'http://lorempixel.com/400/300/', 'http://lorempixel.com/400/300/', 'http://lorempixel.com/300/400/', 2, 3, '2000-06-22'),
(28, 'Derrick Schinner', 'in', 2, 'Eastershire', '2003-10-07', '966 Brown Island\nSteuberberg, MO 53207', 5453, '6281988139927', 8, 'http://lorempixel.com/400/300/', 'http://lorempixel.com/400/300/', 'http://lorempixel.com/300/400/', 2, 1, '1990-08-22'),
(29, 'Dr. Patience Christiansen', 'ipsum', 2, 'Victoriamouth', '1981-09-10', '553 Welch Square\nDoylemouth, IA 32417-6108', 94343, '6287678277061', 4, 'http://lorempixel.com/400/300/', 'http://lorempixel.com/400/300/', 'http://lorempixel.com/300/400/', 2, 3, '2018-02-06'),
(30, 'Kelly Schmeler V', 'aspernatur', 2, 'West Percival', '2005-02-26', '2097 Sydney Spur\nArielstad, GA 49761', 84846, '6285985595261', 9, 'http://lorempixel.com/400/300/', 'http://lorempixel.com/400/300/', 'http://lorempixel.com/300/400/', 1, 2, '1995-03-15'),
(31, 'Audie Wyman', 'vero', 1, 'West Stephany', '1987-04-02', '4892 Mitchell Glens Apt. 777\nNorth Alycehaven, NC 09066', 50283, '6288623295386', 4, 'http://lorempixel.com/400/300/', 'http://lorempixel.com/400/300/', 'http://lorempixel.com/300/400/', 1, 2, '2005-05-26'),
(32, 'Mr. Tracey Sawayn III', 'eveniet', 1, 'Armandochester', '1993-12-23', '5579 Anabelle Plains\nEast Kaycee, AL 90814', 7958, '6284970232439', 1, 'http://lorempixel.com/400/300/', 'http://lorempixel.com/400/300/', 'http://lorempixel.com/300/400/', 2, 3, '1994-12-29'),
(33, 'Keyon Satterfield', 'aliquid', 1, 'Jacobiview', '2003-01-24', '5853 Madisyn Skyway\nQuitzonborough, WY 47904', 32699, '6287742731307', 7, 'http://lorempixel.com/400/300/', 'http://lorempixel.com/400/300/', 'http://lorempixel.com/300/400/', 2, 1, '2009-08-30'),
(34, 'Celestino Wuckert', 'vel', 1, 'South Jalyn', '2011-09-29', '85342 Barton Ranch\nSouth Emilioside, VT 71361', 43978, '6288640474266', 3, 'http://lorempixel.com/400/300/', 'http://lorempixel.com/400/300/', 'http://lorempixel.com/300/400/', 2, 2, '1976-10-10'),
(35, 'Reba Kuhn', 'sint', 2, 'Reynoldsmouth', '2006-12-30', '892 Misty Brook Apt. 433\nPort Felipafurt, UT 83762', 85358, '6281725618941', 6, 'http://lorempixel.com/400/300/', 'http://lorempixel.com/400/300/', 'http://lorempixel.com/300/400/', 2, 2, '1982-09-24'),
(36, 'Dr. Claud Considine I', 'odit', 1, 'Cruzfurt', '2000-01-21', '6114 Moen Parkways\nNorth Brenda, KS 81810-0190', 2228, '6289195650132', 10, 'http://lorempixel.com/400/300/', 'http://lorempixel.com/400/300/', 'http://lorempixel.com/300/400/', 1, 3, '1976-08-05'),
(37, 'Korey Murazik', 'reprehenderit', 1, 'Roobstad', '2008-06-21', '7586 Virginia Drive Apt. 902\nRoseside, MN 34746-3931', 83467, '6288310064161', 4, 'http://lorempixel.com/400/300/', 'http://lorempixel.com/400/300/', 'http://lorempixel.com/300/400/', 2, 3, '1990-04-11'),
(38, 'Maryjane Rice', 'fugit', 2, 'North Ericaberg', '2021-10-16', '191 Kling Square Apt. 080\nJakubowskichester, ME 98754-5674', 42293, '6287649677733', 4, 'http://lorempixel.com/400/300/', 'http://lorempixel.com/400/300/', 'http://lorempixel.com/300/400/', 2, 1, '1979-01-25'),
(39, 'Joel Schroeder', 'sit', 1, 'Port Larueton', '1971-11-06', '1806 Blick Lock Apt. 764\nWaltermouth, MT 73277-7618', 64685, '6287489328345', 7, 'http://lorempixel.com/400/300/', 'http://lorempixel.com/400/300/', 'http://lorempixel.com/300/400/', 2, 3, '1976-09-27'),
(40, 'Prof. Camille Brekke', 'voluptatum', 1, 'Port Trudiebury', '1986-09-29', '228 Kling Knolls\nLake Brielleborough, WA 10670-9805', 52140, '6285857489685', 8, 'http://lorempixel.com/400/300/', 'http://lorempixel.com/400/300/', 'http://lorempixel.com/300/400/', 1, 1, '1981-11-29'),
(41, 'Tony Altenwerth', 'incidunt', 2, 'Hammesside', '1971-06-16', '19426 Lind Isle\nLake Daija, SD 18262-5238', 8461, '6289442210896', 5, 'http://lorempixel.com/400/300/', 'http://lorempixel.com/400/300/', 'http://lorempixel.com/300/400/', 2, 2, '1991-05-13'),
(42, 'Dr. Norbert Zieme I', 'dolorum', 1, 'Ivaton', '1985-03-06', '3729 Reinger Hollow Suite 164\nWest Adolfostad, HI 25931-6129', 95709, '6281748519026', 2, 'http://lorempixel.com/400/300/', 'http://lorempixel.com/400/300/', 'http://lorempixel.com/300/400/', 1, 2, '2003-11-11'),
(43, 'Sandra Kessler', 'omnis', 2, 'Franciscafurt', '1982-08-07', '57198 Lind Ranch Suite 689\nGeneshire, NV 51958', 41270, '6283184754116', 5, 'http://lorempixel.com/400/300/', 'http://lorempixel.com/400/300/', 'http://lorempixel.com/300/400/', 1, 3, '2017-06-08'),
(44, 'Elisa Langworth', 'enim', 2, 'Murazikfurt', '1983-04-22', '20459 Dusty Rest\nKreigermouth, PA 78261-9584', 82823, '6286024135945', 8, 'http://lorempixel.com/400/300/', 'http://lorempixel.com/400/300/', 'http://lorempixel.com/300/400/', 1, 2, '1995-08-27'),
(45, 'Jillian Ritchie', 'sint', 2, 'Hickleville', '1975-08-05', '33900 Ruthie Meadow Suite 372\nNew Diego, NY 20851', 27538, '6284604863289', 5, 'http://lorempixel.com/400/300/', 'http://lorempixel.com/400/300/', 'http://lorempixel.com/300/400/', 1, 2, '1993-01-19'),
(46, 'Mossie Simonis', 'expedita', 1, 'Lake Mariellemouth', '1988-11-01', '93427 Russel Springs Suite 333\nKareemfurt, HI 02577', 37011, '6286740801089', 1, 'http://lorempixel.com/400/300/', 'http://lorempixel.com/400/300/', 'http://lorempixel.com/300/400/', 1, 1, '1976-10-02'),
(47, 'Warren Nader II', 'corrupti', 1, 'West Chloe', '1984-07-15', '0727 Quigley Alley\nHaliefort, DE 56254-1018', 56301, '6283469892735', 1, 'http://lorempixel.com/400/300/', 'http://lorempixel.com/400/300/', 'http://lorempixel.com/300/400/', 1, 3, '1993-05-29'),
(48, 'Miss Caleigh Mayer DVM', 'sit', 1, 'Parkermouth', '2013-01-15', '2639 Dach Wells\nRonaldoport, VT 53483-2640', 24460, '6287409486371', 1, 'http://lorempixel.com/400/300/', 'http://lorempixel.com/400/300/', 'http://lorempixel.com/300/400/', 2, 2, '1972-09-23'),
(49, 'Tito Ankunding', 'commodi', 1, 'Cormierburgh', '2022-01-24', '1292 Pearl Well Suite 932\nNew Martinemouth, KY 16663-1509', 21931, '6282130433795', 10, 'http://lorempixel.com/400/300/', 'http://lorempixel.com/400/300/', 'http://lorempixel.com/300/400/', 2, 1, '2018-08-09'),
(50, 'Kole Schiller', 'in', 1, 'Windlerchester', '2020-10-27', '243 Alexandrine Turnpike\nQuintonton, DC 21081', 2922, '6289225437564', 1, 'http://lorempixel.com/400/300/', 'http://lorempixel.com/400/300/', 'http://lorempixel.com/300/400/', 2, 2, '1971-03-18');

-- --------------------------------------------------------

--
-- Table structure for table `arisan`
--

CREATE TABLE `arisan` (
  `id` bigint(20) NOT NULL,
  `bulan` date NOT NULL,
  `saldo` bigint(20) NOT NULL,
  `pemenang` bigint(20) DEFAULT NULL,
  `admin` bigint(20) DEFAULT NULL
) ENGINE=InnoDB DEFAULT CHARSET=utf8;

--
-- Dumping data for table `arisan`
--

INSERT INTO `arisan` (`id`, `bulan`, `saldo`, `pemenang`, `admin`) VALUES
(1, '2021-11-30', 27124027, 39, 15),
(2, '1973-08-16', 85945770, 39, 20),
(3, '1993-10-02', 11211497, 39, 42),
(4, '1999-04-14', 84086806, 23, 1),
(5, '1997-05-04', 69503296, 40, 50),
(6, '1978-12-03', 50993809, 35, 3),
(7, '1971-01-28', 77869420, 38, 25),
(8, '2016-07-04', 96395674, 28, 37),
(9, '2009-02-24', 46573366, 38, 24),
(10, '1990-12-18', 83828649, 3, 7),
(11, '2010-09-25', 42467790, 31, 28),
(12, '2009-10-26', 3441441, 6, 17),
(13, '1987-01-31', 74857052, 15, 15),
(14, '1985-04-23', 51312730, 8, 48),
(15, '2001-11-09', 83086091, 15, 34),
(16, '1984-06-17', 59034098, 48, 3),
(17, '2002-01-30', 71032774, 48, 37),
(18, '1983-05-28', 98478993, 23, 37),
(19, '1991-07-21', 10817916, 29, 46),
(20, '1982-04-21', 1462714, 38, 18),
(21, '1980-08-05', 56633303, 45, 22),
(22, '1994-04-12', 1916170, 21, 32),
(23, '1997-07-30', 560024, 47, 48),
(24, '1998-08-05', 70485353, 19, 34),
(25, '1970-03-27', 11844974, 22, 21),
(26, '1971-03-07', 58886762, 41, 3),
(27, '2010-08-29', 6430481, 48, 47),
(28, '1991-12-14', 71685075, 19, 12),
(29, '1985-11-11', 34689899, 11, 27),
(30, '1984-07-24', 88790035, 10, 25),
(31, '1994-03-06', 29726564, 10, 7),
(32, '2015-04-02', 92937357, 28, 8),
(33, '1977-10-08', 80071977, 44, 1),
(34, '2016-04-05', 40426444, 45, 22),
(35, '1984-09-29', 8790202, 46, 32),
(36, '1980-11-25', 89519416, 40, 41),
(37, '1977-01-09', 23205582, 3, 10),
(38, '2005-06-11', 4426976, 22, 49),
(39, '2018-10-10', 47650816, 8, 41),
(40, '2019-02-01', 35641434, 33, 30),
(41, '2003-09-09', 79870880, 11, 23),
(42, '1974-01-12', 17409772, 32, 9),
(43, '2002-03-13', 42856604, 19, 50),
(44, '1975-06-29', 1220435, 21, 29),
(45, '1984-09-09', 29368755, 26, 30),
(46, '2013-11-04', 76995356, 4, 36),
(47, '1980-07-18', 56896339, 37, 32),
(48, '1992-03-12', 10563929, 44, 31),
(49, '1979-06-06', 88135619, 32, 38),
(50, '2011-04-12', 75769046, 2, 28);

-- --------------------------------------------------------

--
-- Table structure for table `bke`
--

CREATE TABLE `bke` (
  `id` bigint(20) NOT NULL,
  `id_transaksi` bigint(20) NOT NULL,
  `id_peminjaman` bigint(20) NOT NULL,
  `ke` smallint(6) NOT NULL,
  `pokok` bigint(20) NOT NULL,
  `jasa` bigint(20) NOT NULL,
  `keterangan` varchar(100) DEFAULT NULL
) ENGINE=InnoDB DEFAULT CHARSET=utf8;

--
-- Dumping data for table `bke`
--

INSERT INTO `bke` (`id`, `id_transaksi`, `id_peminjaman`, `ke`, `pokok`, `jasa`, `keterangan`) VALUES
(1, 126, 38, 2, 4031718, 39237, 'Nobis voluptatum magni et aut.'),
(2, 92, 30, 64, 236125, 28402, 'Aut ut.'),
(3, 198, 18, 98, 667863, 43556, 'Eum ea ipsum.'),
(4, 13, 32, 42, 966300, 46885, 'Aut qui reiciendis.'),
(5, 85, 33, 99, 1449263, 42512, ''),
(6, 190, 44, 16, 2523256, 32515, ''),
(7, 79, 18, 28, 4497038, 33213, 'Autem harum numquam corrupti.'),
(8, 24, 24, 16, 459772, 41348, ''),
(9, 91, 19, 20, 543441, 33166, ''),
(10, 17, 38, 96, 3954670, 48633, 'Saepe sit exercitationem delectus.'),
(11, 109, 29, 26, 2883171, 26361, 'Culpa consectetur necessitatibus voluptas.'),
(12, 133, 44, 72, 668743, 31743, 'Eos omnis magnam.'),
(13, 193, 9, 40, 765692, 41160, ''),
(14, 173, 32, 39, 2944333, 31567, 'Laudantium et est.'),
(15, 178, 41, 32, 633695, 44186, 'Dolores mollitia assumenda.'),
(16, 30, 26, 52, 351545, 26664, ''),
(17, 114, 31, 39, 769760, 40657, ''),
(18, 23, 28, 84, 3759733, 32564, 'Dolorem pariatur nihil.'),
(19, 190, 9, 49, 4144636, 40712, ''),
(20, 39, 19, 51, 751083, 30631, 'At ut officia quasi voluptas.'),
(21, 164, 7, 37, 3425761, 26539, ''),
(22, 48, 11, 77, 1049124, 28188, ''),
(23, 98, 18, 60, 3668453, 34424, ''),
(24, 139, 47, 9, 3384727, 35763, 'Qui libero quos.'),
(25, 146, 39, 69, 2463320, 47528, 'Consequatur amet libero et facere.');

-- --------------------------------------------------------

--
-- Table structure for table `ekstra`
--

CREATE TABLE `ekstra` (
  `id` bigint(20) NOT NULL,
  `id_transaksi` bigint(20) NOT NULL,
  `id_peminjaman` bigint(20) NOT NULL,
  `ke` smallint(6) NOT NULL,
  `pokok` bigint(20) NOT NULL,
  `jasa` bigint(20) NOT NULL,
  `keterangan` varchar(100) DEFAULT NULL
) ENGINE=InnoDB DEFAULT CHARSET=utf8;

--
-- Dumping data for table `ekstra`
--

INSERT INTO `ekstra` (`id`, `id_transaksi`, `id_peminjaman`, `ke`, `pokok`, `jasa`, `keterangan`) VALUES
(1, 89, 50, 33, 1832313, 48122, ''),
(2, 198, 24, 49, 3036824, 42172, 'Qui voluptas laudantium.'),
(3, 172, 3, 32, 4582281, 45038, ''),
(4, 126, 37, 110, 1406123, 32930, ''),
(5, 114, 25, 71, 3294422, 48016, ''),
(6, 189, 45, 86, 4150132, 27543, 'Accusamus aut est.'),
(7, 97, 22, 50, 4571899, 25021, 'Dolore dolor incidunt eos.'),
(8, 20, 12, 70, 596037, 30418, ''),
(9, 55, 16, 62, 1788345, 37084, ''),
(10, 43, 31, 3, 4410934, 37562, ''),
(11, 38, 4, 97, 2543946, 41705, 'Ducimus expedita dolore dicta.'),
(12, 125, 6, 105, 1050787, 42247, ''),
(13, 79, 49, 2, 709835, 42145, 'Voluptatem incidunt perspiciatis.'),
(14, 198, 6, 58, 2204305, 47580, 'Repudiandae aliquid harum quos.'),
(15, 62, 2, 90, 1851981, 44810, 'Distinctio in inventore.'),
(16, 163, 38, 116, 1341313, 40175, ''),
(17, 4, 41, 59, 2678676, 30519, 'Quo ad animi pariatur.'),
(18, 44, 44, 9, 785666, 49691, 'Error pariatur sapiente aut.'),
(19, 170, 43, 86, 525018, 42395, 'Fugit consequatur cupiditate sunt.'),
(20, 122, 21, 78, 684978, 34972, 'Totam molestias ea voluptatem nobis.'),
(21, 67, 28, 60, 4881061, 34866, 'Mollitia distinctio quia voluptatem.'),
(22, 62, 41, 72, 4348767, 39871, ''),
(23, 195, 21, 29, 2738187, 36388, ''),
(24, 8, 13, 90, 1768436, 36062, ''),
(25, 142, 13, 6, 906344, 49121, 'Qui vel aliquam qui ut.');

-- --------------------------------------------------------

--
-- Table structure for table `haji`
--

CREATE TABLE `haji` (
  `id` bigint(20) NOT NULL,
  `id_transaksi` bigint(20) NOT NULL,
  `id_peminjaman` bigint(20) NOT NULL,
  `ke` smallint(6) NOT NULL,
  `pokok` bigint(20) NOT NULL,
  `jasa` bigint(20) NOT NULL,
  `keterangan` varchar(100) DEFAULT NULL
) ENGINE=InnoDB DEFAULT CHARSET=utf8;

--
-- Dumping data for table `haji`
--

INSERT INTO `haji` (`id`, `id_transaksi`, `id_peminjaman`, `ke`, `pokok`, `jasa`, `keterangan`) VALUES
(1, 75, 14, 69, 3746882, 37989, ''),
(2, 9, 31, 56, 2256887, 26444, ''),
(3, 192, 8, 24, 3177537, 35691, ''),
(4, 22, 35, 95, 376013, 48400, ''),
(5, 143, 37, 53, 4019534, 48280, ''),
(6, 22, 30, 15, 2870657, 42868, 'Rerum doloremque.'),
(7, 73, 17, 78, 631655, 27106, 'Amet commodi neque ut.'),
(8, 83, 40, 95, 647766, 49083, ''),
(9, 62, 20, 2, 4883177, 28593, 'Ea quaerat ipsa.'),
(10, 140, 8, 118, 3486534, 46756, 'Officiis eum nihil.'),
(11, 200, 14, 21, 2381359, 31524, ''),
(12, 56, 23, 19, 2979682, 33175, 'Hic consequuntur.'),
(13, 47, 34, 71, 3655452, 47488, 'Enim sit eum.'),
(14, 115, 17, 7, 2205809, 47063, 'Omnis deserunt cupiditate qui.'),
(15, 60, 34, 101, 1987180, 48570, ''),
(16, 50, 34, 91, 932742, 38809, 'Provident laboriosam consequatur.'),
(17, 191, 15, 96, 3819859, 43580, 'Sed hic quos accusamus.'),
(18, 57, 46, 56, 3602863, 29723, 'Vel veniam recusandae.'),
(19, 88, 20, 69, 2672306, 38908, ''),
(20, 119, 8, 12, 474152, 25307, 'Totam quis.'),
(21, 23, 35, 55, 596515, 37405, ''),
(22, 147, 24, 79, 3530249, 48316, 'Et in.'),
(23, 6, 8, 15, 1879727, 46868, 'Delectus reprehenderit ut.'),
(24, 54, 17, 103, 2851854, 30408, 'Voluptatum aut voluptatibus ullam.'),
(25, 106, 49, 65, 3624259, 42280, 'Qui exercitationem autem animi blanditiis.');

-- --------------------------------------------------------

--
-- Table structure for table `instansi`
--

CREATE TABLE `instansi` (
  `id` int(11) NOT NULL,
  `instansi` varchar(100) NOT NULL,
  `alamat` varchar(200) NOT NULL
) ENGINE=InnoDB DEFAULT CHARSET=utf8;

--
-- Dumping data for table `instansi`
--

INSERT INTO `instansi` (`id`, `instansi`, `alamat`) VALUES
(1, 'Fahey, King and Stokes', '8459 Roberts Plain\nHayesmouth, NM 00172-4120'),
(2, 'Doyle-Harris', '152 Keebler Skyway Apt. 817\nMaybellton, SD 73693'),
(3, 'Johnston-Littel', '0851 Anjali Lake\nNorth Antonietta, TX 29398'),
(4, 'Kautzer LLC', '92385 Meda Isle\nWest Petra, ME 57445'),
(5, 'Casper-Paucek', '6660 Eriberto Glen Suite 605\nKonopelskiside, WA 15198'),
(6, 'Cormier, VonRueden and Murphy', '7990 Leannon Road\nWest Mikechester, MO 58978-2000'),
(7, 'Howe PLC', '96355 Osinski Ridge Suite 428\nWest Arlenehaven, MT 00181-1156'),
(8, 'McClure PLC', '80980 Earnest Mills Suite 173\nSouth Jazmyn, OH 93947-6087'),
(9, 'Dietrich Group', '549 Hirthe Crossing Suite 915\nNorth Helmer, NJ 68856'),
(10, 'Auer, Goyette and Blanda', '2430 Isabella Mountains\nChristopherstad, LA 24512-1764');

-- --------------------------------------------------------

--
-- Table structure for table `jabatan`
--

CREATE TABLE `jabatan` (
  `id` tinyint(4) NOT NULL,
  `jabatan` varchar(30) NOT NULL
) ENGINE=InnoDB DEFAULT CHARSET=utf8;

--
-- Dumping data for table `jabatan`
--

INSERT INTO `jabatan` (`id`, `jabatan`) VALUES
(1, 'Anggota'),
(2, 'Pimpinan'),
(3, 'Admin');

-- --------------------------------------------------------

--
-- Table structure for table `jenis_pinjaman`
--

CREATE TABLE `jenis_pinjaman` (
  `id` tinyint(4) NOT NULL,
  `jenis` varchar(30) NOT NULL
) ENGINE=InnoDB DEFAULT CHARSET=utf8;

--
-- Dumping data for table `jenis_pinjaman`
--

INSERT INTO `jenis_pinjaman` (`id`, `jenis`) VALUES
(1, 'USP'),
(2, 'Haji'),
(3, 'Ekstra'),
(4, 'BKE'),
(5, 'Toko');

-- --------------------------------------------------------

--
-- Table structure for table `jenis_simpanan`
--

CREATE TABLE `jenis_simpanan` (
  `id` tinyint(4) NOT NULL,
  `jenis` varchar(100) NOT NULL
) ENGINE=InnoDB DEFAULT CHARSET=utf8;

--
-- Dumping data for table `jenis_simpanan`
--

INSERT INTO `jenis_simpanan` (`id`, `jenis`) VALUES
(1, 'TAB'),
(2, 'SW'),
(3, 'SP'),
(4, 'SR');

-- --------------------------------------------------------

--
-- Table structure for table `kelamin`
--

CREATE TABLE `kelamin` (
  `id` tinyint(4) NOT NULL,
  `kelamin` varchar(20) NOT NULL
) ENGINE=InnoDB DEFAULT CHARSET=utf8;

--
-- Dumping data for table `kelamin`
--

INSERT INTO `kelamin` (`id`, `kelamin`) VALUES
(1, 'Wanita'),
(2, 'Pria');

-- --------------------------------------------------------

--
-- Table structure for table `master`
--

CREATE TABLE `master` (
  `sp` bigint(20) DEFAULT NULL,
  `sw` bigint(20) DEFAULT NULL,
  `tab` bigint(20) DEFAULT NULL,
  `sr` bigint(20) DEFAULT NULL,
  `kas` bigint(20) DEFAULT NULL,
  `tanggal` date DEFAULT NULL
) ENGINE=InnoDB DEFAULT CHARSET=utf8;

--
-- Dumping data for table `master`
--

INSERT INTO `master` (`sp`, `sw`, `tab`, `sr`, `kas`, `tanggal`) VALUES
(672499745, 403823386, 23641449, 193583782, 801014880, '2011-08-05'),
(159320685, 137511171, 754282492, 926902381, 797116942, '2003-01-06'),
(872417958, 364783798, 163067731, 763655489, 717047861, '2001-09-15'),
(448056124, 615333328, 789754160, 616708139, 567255947, '2016-06-17'),
(897710348, 853868649, 681758402, 930838966, 491897156, '2014-12-09'),
(716888283, 272345582, 594424150, 519438716, 681583009, '1971-02-18'),
(41384282, 409323025, 361983973, 230394525, 978513641, '2009-12-10'),
(547870796, 3853077, 435182674, 584785888, 669326849, '1989-11-19'),
(289116858, 345218020, 954184813, 21920984, 316789659, '2000-03-27'),
(187782328, 253226454, 215830667, 224985016, 207888330, '1999-04-27'),
(316072707, 115561935, 190846937, 653638968, 285959787, '1973-06-10'),
(810411732, 654595403, 528639427, 540710476, 364420958, '1999-10-04'),
(755745303, 38764153, 760468469, 400656999, 612183652, '2008-06-05'),
(774756215, 130132804, 541370454, 570995139, 953735637, '1985-11-06'),
(737563600, 534949120, 312411455, 759932866, 660743358, '2016-06-29'),
(440946608, 916245483, 406908569, 974136721, 994610507, '2010-05-03'),
(117824578, 270899873, 267065973, 461961368, 920692335, '1982-07-28'),
(993035040, 583314136, 732976759, 508269086, 51598718, '1973-09-22'),
(623783543, 149221372, 128258102, 566246062, 634881103, '2020-04-29'),
(798558163, 94427058, 199098517, 134775239, 864449827, '1983-02-03'),
(495150933, 360851432, 102019659, 643622446, 883135029, '1991-11-05'),
(350742871, 602642025, 1531352, 11189756, 658659386, '1977-11-27'),
(589940209, 808422818, 446442466, 930205429, 17048782, '1982-10-12'),
(411738405, 645101356, 898182151, 897866005, 515211612, '2016-02-08'),
(692019177, 191541376, 103904468, 822889252, 113923311, '2006-11-02'),
(538576655, 955119672, 702736258, 627400653, 48329583, '1991-07-09'),
(666604831, 368388439, 10302843, 66823324, 897264602, '1993-04-03'),
(897179094, 381454747, 436474522, 414775339, 699642332, '2014-11-29'),
(485862015, 290786578, 819270587, 8204415, 111797931, '2015-11-30'),
(916760111, 932330401, 82855359, 215608622, 471866018, '1977-01-05'),
(361215017, 870555959, 39590978, 863076226, 353124064, '2002-09-21'),
(210361636, 871422407, 389265538, 403890457, 433744390, '1985-01-30'),
(585204433, 362108617, 579170061, 544158178, 218773335, '2006-09-15'),
(920430823, 181624337, 461459227, 411133320, 333820387, '2010-04-09'),
(95598759, 183479443, 727639561, 766323110, 423783415, '1987-05-05'),
(211924915, 386056382, 905124650, 600033388, 753635176, '1985-08-11'),
(680136936, 792990420, 19147729, 478439304, 925045165, '1993-07-30'),
(247761349, 758610358, 680286413, 322742693, 387215116, '1995-01-15'),
(48002563, 891406722, 910992081, 888944116, 394505927, '2002-10-14'),
(798886323, 147883419, 932846978, 170873913, 551300748, '2001-08-02'),
(396432059, 601636218, 930190740, 735814060, 824456401, '2019-09-17'),
(644711141, 421138031, 152947049, 399124157, 896706309, '1974-07-24'),
(813227817, 671750384, 219815759, 606330515, 867555884, '2014-12-02'),
(56381423, 847986621, 405044940, 565026347, 342960453, '1988-06-26'),
(858010781, 932187414, 789626564, 865355707, 805633562, '1988-03-03'),
(109450668, 863653975, 184593, 101862176, 44387582, '1991-04-04'),
(759130968, 662655876, 699425251, 885989383, 824241294, '2019-05-20'),
(809153945, 932191409, 327837483, 706234448, 268220037, '1994-03-10'),
(551636341, 734086023, 94708735, 854236437, 631426188, '2013-01-08'),
(626052438, 709609801, 937624751, 552535091, 824104674, '1989-02-20');

-- --------------------------------------------------------

--
-- Table structure for table `peminjaman`
--

CREATE TABLE `peminjaman` (
  `id` bigint(20) NOT NULL,
  `id_ajuan` bigint(20) NOT NULL,
  `jenis` tinyint(4) NOT NULL,
  `jumlah` bigint(20) NOT NULL,
  `jasa` bigint(20) NOT NULL,
  `diangsur` smallint(6) NOT NULL,
  `angsuran` bigint(20) NOT NULL,
  `potongan` bigint(20) NOT NULL,
  `asuransi` bigint(20) NOT NULL,
  `diterima` bigint(20) NOT NULL,
  `mulai` date NOT NULL,
  `admin` bigint(20) NOT NULL,
  `pimpinan` bigint(20) NOT NULL,
  `status` tinyint(4) NOT NULL
) ENGINE=InnoDB DEFAULT CHARSET=utf8;

--
-- Dumping data for table `peminjaman`
--

INSERT INTO `peminjaman` (`id`, `id_ajuan`, `jenis`, `jumlah`, `jasa`, `diangsur`, `angsuran`, `potongan`, `asuransi`, `diterima`, `mulai`, `admin`, `pimpinan`, `status`) VALUES
(1, 55, 2, 169649, 40052, 106, 2974155, 25893, 47534, 6409852, '2021-08-17', 16, 26, 5),
(2, 235, 4, 5606266, 30499, 99, 4049899, 27028, 26788, 5632110, '1985-06-04', 12, 4, 3),
(3, 10, 4, 2376208, 38788, 72, 1805457, 37040, 25607, 8882043, '2014-09-16', 25, 3, 1),
(4, 161, 2, 2686629, 26384, 3, 845829, 31653, 38219, 4327658, '1989-10-19', 22, 30, 1),
(5, 96, 4, 6571452, 35485, 83, 1597200, 33942, 49504, 7451995, '2012-06-23', 48, 45, 5),
(6, 225, 3, 646153, 43231, 86, 1592572, 49163, 42297, 9834225, '2002-12-17', 10, 22, 1),
(7, 250, 1, 123909, 29637, 53, 4710849, 35896, 35357, 335579, '2002-10-04', 34, 30, 1),
(8, 41, 4, 9169038, 25562, 91, 3108466, 44481, 43113, 6877450, '2000-12-06', 46, 6, 4),
(9, 9, 4, 3152076, 26518, 26, 3631753, 43287, 26671, 3226076, '1991-04-11', 16, 10, 2),
(10, 111, 1, 8590396, 45894, 48, 3466009, 40283, 36648, 415750, '1984-09-23', 7, 26, 1),
(11, 18, 1, 9203558, 34380, 107, 460771, 30807, 45444, 4749883, '2015-11-25', 29, 30, 3),
(12, 146, 5, 2104734, 46166, 75, 276377, 28163, 34238, 5426856, '2005-09-19', 33, 13, 3),
(13, 198, 1, 7624305, 31597, 118, 2735128, 45864, 34486, 365905, '1981-08-16', 22, 17, 2),
(14, 29, 1, 4268295, 47540, 111, 4100012, 40716, 44649, 1468742, '1992-01-14', 37, 34, 2),
(15, 241, 5, 1049614, 25984, 87, 3067391, 31653, 26939, 8952958, '1998-08-27', 6, 13, 2),
(16, 44, 4, 2508859, 38906, 62, 3667775, 37857, 38264, 3942438, '2014-06-06', 18, 45, 2),
(17, 236, 5, 8784229, 26170, 59, 3065684, 41954, 47631, 5917572, '2021-05-30', 46, 7, 1),
(18, 119, 3, 6775653, 45259, 75, 3700109, 36040, 26436, 2901109, '1999-09-11', 34, 18, 5),
(19, 245, 2, 9136139, 34531, 96, 198017, 48021, 49362, 5125686, '2020-10-02', 3, 10, 5),
(20, 76, 1, 9733388, 48253, 55, 3574169, 42959, 42088, 9610391, '1981-10-16', 7, 14, 2),
(21, 113, 4, 3709959, 42886, 1, 3152366, 29820, 40666, 672073, '1977-09-02', 10, 40, 3),
(22, 127, 5, 8661667, 26284, 25, 3918334, 27957, 45749, 4479505, '1974-08-01', 22, 33, 1),
(23, 151, 1, 2672322, 34108, 49, 2782319, 27590, 43914, 4698107, '2005-01-05', 10, 40, 2),
(24, 28, 5, 8963872, 39999, 108, 3575058, 30914, 49785, 398499, '1975-05-24', 20, 41, 5),
(25, 80, 1, 2215430, 30348, 19, 4203098, 30238, 48920, 550302, '2015-08-12', 19, 13, 3),
(26, 163, 5, 7309502, 34100, 50, 4181193, 43507, 26210, 4000434, '1994-11-01', 13, 44, 4),
(27, 187, 2, 9471335, 27897, 16, 2541734, 32461, 30589, 1906956, '2021-05-16', 36, 41, 1),
(28, 202, 1, 6120502, 46273, 93, 324538, 45021, 26090, 364579, '1996-01-23', 41, 30, 5),
(29, 43, 4, 1008334, 32706, 8, 3781520, 47704, 40870, 146382, '2009-11-25', 49, 5, 3),
(30, 244, 4, 2069171, 45011, 42, 2162650, 27655, 36648, 345904, '1976-05-05', 7, 39, 5),
(31, 137, 3, 8514888, 34713, 46, 2762045, 26572, 49742, 2910449, '1983-10-22', 21, 34, 3),
(32, 17, 5, 6277903, 43799, 31, 2698623, 37907, 29690, 9969174, '1993-07-09', 23, 7, 4),
(33, 121, 1, 5930400, 34945, 14, 2839825, 47318, 36026, 6698577, '2003-03-01', 32, 38, 4),
(34, 141, 2, 6430578, 41968, 41, 2323577, 44629, 33860, 2250632, '1991-08-29', 13, 45, 2),
(35, 191, 5, 3015044, 42552, 86, 647714, 32491, 29400, 3303517, '1995-06-28', 20, 50, 3),
(36, 64, 5, 324511, 32241, 69, 4686615, 41801, 31426, 5790155, '2007-10-09', 41, 48, 4),
(37, 60, 1, 2230154, 34077, 92, 1850017, 36159, 40775, 6590661, '1976-10-23', 3, 24, 2),
(38, 162, 1, 3906234, 40092, 109, 295442, 33806, 26858, 4619561, '2010-09-10', 33, 30, 5),
(39, 64, 5, 3986161, 30422, 31, 3573076, 25063, 48636, 2014304, '2017-06-23', 29, 20, 4),
(40, 242, 3, 4081810, 39892, 111, 3578203, 27084, 36728, 5555784, '1988-11-06', 39, 28, 3),
(41, 88, 1, 229732, 45502, 36, 4694011, 33974, 34589, 5181318, '1972-09-08', 18, 31, 1),
(42, 3, 1, 3666590, 38420, 97, 2663354, 37652, 31638, 454969, '2010-11-23', 5, 45, 3),
(43, 76, 3, 3307377, 39421, 73, 3766712, 27407, 40832, 7897494, '1999-01-03', 23, 10, 1),
(44, 86, 2, 8033853, 31095, 74, 1193326, 40290, 33288, 465465, '2008-12-18', 8, 1, 4),
(45, 218, 5, 4266109, 27012, 15, 3965435, 46623, 42230, 7009997, '2003-10-24', 23, 38, 2),
(46, 8, 1, 1501695, 29228, 55, 2800852, 42614, 49387, 9672438, '1983-02-28', 8, 22, 4),
(47, 54, 4, 379043, 34519, 8, 2217912, 45583, 27576, 5720340, '1987-02-20', 16, 27, 3),
(48, 216, 1, 7272672, 49472, 85, 3943356, 44034, 26478, 1696364, '1975-05-18', 19, 15, 2),
(49, 119, 4, 3315290, 28313, 45, 3525187, 49274, 44491, 1765266, '2000-07-09', 36, 40, 4),
(50, 90, 4, 6690268, 25018, 94, 1152212, 33622, 47634, 6346193, '2011-08-13', 9, 6, 3),
(51, 130, 3, 8274895, 38692, 24, 683506, 36626, 31461, 744329, '1994-08-03', 34, 15, 5),
(52, 115, 2, 5239234, 32941, 93, 1241281, 49406, 35006, 2689121, '2004-04-17', 5, 40, 5),
(53, 153, 4, 9607283, 45767, 115, 4042400, 49771, 27932, 6198765, '1983-04-14', 34, 2, 1),
(54, 229, 4, 2119790, 30855, 37, 3774088, 43601, 25032, 9376407, '2021-06-01', 31, 12, 3),
(55, 74, 1, 2433191, 38357, 98, 2756349, 35071, 35172, 9909133, '2014-05-26', 48, 38, 1),
(56, 91, 2, 6218048, 34446, 31, 3818482, 36744, 39629, 3508738, '2004-01-26', 43, 47, 4),
(57, 197, 1, 566152, 31993, 55, 785939, 43790, 37487, 7556497, '1981-01-09', 8, 25, 5),
(58, 17, 3, 1823414, 46564, 63, 3073419, 48605, 31414, 7247665, '2009-11-24', 41, 38, 3),
(59, 210, 1, 6339127, 26177, 37, 2106049, 35849, 47811, 7050734, '2003-07-19', 25, 14, 2),
(60, 230, 5, 7576429, 26364, 73, 973835, 29362, 45905, 5556186, '1977-08-22', 1, 27, 4),
(61, 48, 5, 4410695, 30986, 4, 3433174, 37276, 31103, 8614179, '1986-05-22', 26, 38, 5),
(62, 28, 2, 2797412, 36752, 59, 328865, 27426, 26913, 5579352, '2008-10-16', 11, 35, 4),
(63, 26, 5, 8513843, 35098, 112, 3078346, 31848, 28961, 6446431, '2005-04-16', 33, 29, 3),
(64, 61, 2, 4110912, 48019, 117, 1424169, 28747, 43857, 8321162, '1991-04-07', 17, 45, 3),
(65, 165, 1, 4783249, 38051, 23, 2428922, 30241, 28596, 7451520, '1976-11-09', 28, 41, 4),
(66, 49, 3, 9628413, 31221, 55, 3386707, 38100, 45014, 6198859, '1986-12-11', 5, 26, 2),
(67, 233, 4, 186796, 47327, 56, 1195124, 28153, 31109, 2991421, '2015-06-26', 9, 42, 3),
(68, 220, 2, 5381245, 34524, 24, 3242129, 26649, 45048, 2014941, '2001-05-20', 35, 30, 5),
(69, 62, 2, 7670642, 42477, 69, 1767400, 40040, 33696, 1605074, '1981-06-16', 25, 9, 1),
(70, 248, 5, 9247969, 49342, 118, 3634048, 49972, 33807, 9052467, '1979-01-05', 4, 19, 4),
(71, 170, 4, 951093, 29061, 76, 813202, 28631, 41210, 4133947, '1985-05-02', 9, 34, 2),
(72, 106, 5, 8175756, 49004, 93, 513658, 38187, 33254, 8693779, '1971-07-09', 11, 38, 4),
(73, 171, 4, 8403755, 25551, 98, 3126722, 26050, 43881, 9169075, '1984-06-23', 46, 16, 1),
(74, 181, 1, 5498527, 27513, 84, 1423046, 37506, 33684, 2387171, '2009-06-18', 47, 3, 1),
(75, 10, 5, 4422873, 45739, 115, 1077025, 25240, 42669, 7580720, '1994-12-16', 48, 6, 2),
(76, 171, 5, 8850103, 30259, 8, 2793277, 41503, 42221, 4323596, '1993-06-05', 21, 48, 4),
(77, 164, 2, 5543064, 41293, 23, 197969, 46943, 26810, 8853544, '1990-10-14', 26, 30, 5),
(78, 49, 3, 6127730, 34267, 86, 476356, 46422, 37213, 8060786, '1989-02-03', 41, 10, 5),
(79, 248, 3, 7619844, 48095, 70, 1915380, 38191, 43154, 2704749, '1985-02-26', 1, 42, 3),
(80, 45, 3, 6785648, 44013, 102, 4880500, 25018, 46423, 4325751, '1982-06-24', 9, 42, 4),
(81, 138, 3, 8252225, 25430, 22, 4107377, 36251, 35370, 4747440, '2006-11-19', 25, 47, 2),
(82, 27, 4, 8196144, 25316, 20, 2218705, 32661, 38778, 1122462, '1997-09-27', 16, 5, 2),
(83, 66, 4, 8155824, 34847, 39, 1497589, 34263, 42600, 6749911, '1972-06-21', 43, 5, 4),
(84, 189, 4, 5963093, 47673, 117, 4958497, 38469, 32485, 2915896, '2004-04-28', 11, 4, 3),
(85, 179, 2, 262510, 38126, 38, 196970, 32167, 28153, 761547, '1980-02-21', 13, 22, 2),
(86, 221, 4, 1186837, 45878, 68, 511501, 40983, 29508, 8531432, '2004-11-10', 15, 25, 4),
(87, 167, 2, 1158468, 31046, 84, 845731, 33144, 34824, 9747499, '1998-04-05', 21, 45, 2),
(88, 190, 4, 7665618, 43595, 94, 3684204, 40104, 36465, 2012855, '2007-11-22', 18, 1, 4),
(89, 36, 4, 9479246, 46280, 92, 339456, 44446, 49511, 6961057, '2009-01-20', 42, 49, 5),
(90, 88, 1, 6372436, 26316, 23, 4837158, 44631, 47370, 5555655, '2012-09-21', 38, 47, 3),
(91, 244, 3, 8099057, 43024, 76, 1692510, 25902, 30884, 1373001, '1980-05-09', 36, 6, 1),
(92, 93, 4, 7753290, 43687, 52, 2977289, 36464, 36635, 4454700, '2011-06-02', 31, 11, 3),
(93, 236, 4, 5449022, 46453, 94, 847478, 38690, 46363, 2004955, '2003-06-05', 28, 16, 4),
(94, 66, 3, 4878072, 32483, 100, 4022044, 28695, 27531, 8999394, '1997-07-05', 2, 15, 3),
(95, 225, 1, 8524995, 33677, 46, 1307994, 35583, 45430, 4455096, '1977-07-01', 1, 20, 1),
(96, 143, 5, 634486, 27968, 6, 942868, 30024, 46490, 9073511, '1991-11-29', 6, 4, 5),
(97, 33, 4, 2385035, 34889, 102, 4791874, 33328, 36702, 8445880, '1993-02-24', 37, 3, 5),
(98, 62, 5, 6519269, 27204, 75, 4048749, 38655, 38857, 8044622, '1982-08-06', 46, 28, 2),
(99, 146, 4, 7904047, 43829, 61, 2712778, 40811, 40691, 5743734, '1999-08-16', 2, 43, 5),
(100, 109, 3, 8651517, 45909, 9, 2656501, 45170, 30606, 2136719, '1973-07-18', 27, 39, 5),
(101, 145, 2, 7796046, 26439, 61, 1867742, 47909, 34283, 2218359, '1973-09-29', 22, 22, 3),
(102, 101, 5, 3403470, 46324, 59, 2181921, 29731, 32755, 3909303, '1998-02-06', 8, 16, 5),
(103, 27, 5, 2970846, 41569, 102, 537489, 26112, 33223, 9114403, '2009-06-25', 1, 24, 3),
(104, 59, 2, 4479070, 37232, 118, 1094540, 25019, 32623, 1967706, '1979-02-05', 46, 4, 1),
(105, 219, 5, 4124699, 43603, 111, 4529608, 39063, 33978, 293161, '2001-01-20', 24, 2, 3),
(106, 113, 5, 7578891, 46256, 83, 4498267, 39416, 44700, 544956, '2017-06-20', 40, 3, 2),
(107, 49, 5, 8387745, 25406, 108, 775595, 38750, 49276, 5639724, '1982-04-29', 2, 30, 2),
(108, 231, 4, 6336689, 45595, 111, 1517608, 38791, 28984, 9315260, '2019-06-01', 40, 36, 2),
(109, 56, 2, 3691235, 38903, 88, 814883, 43095, 27857, 6884250, '2018-03-08', 23, 43, 2),
(110, 132, 5, 3316858, 48882, 97, 3840718, 43611, 31625, 6773314, '1983-11-24', 18, 11, 5),
(111, 233, 3, 5756587, 47793, 76, 3407235, 39377, 35562, 6265128, '2014-10-05', 43, 23, 3),
(112, 50, 5, 8214349, 47467, 112, 1268175, 32254, 26091, 8269361, '1985-01-22', 6, 34, 3),
(113, 87, 2, 2968657, 31514, 90, 2103251, 31087, 47769, 6247810, '1995-06-24', 7, 20, 5),
(114, 92, 5, 7673851, 33058, 116, 1515284, 26726, 42323, 6998100, '2005-12-28', 33, 3, 5),
(115, 250, 3, 2277853, 35928, 63, 3528012, 38867, 32759, 326870, '1981-05-11', 43, 47, 4),
(116, 181, 2, 440126, 26713, 113, 3161915, 38048, 29953, 3446976, '2003-10-01', 11, 36, 5),
(117, 188, 3, 2373563, 28770, 35, 1122451, 46704, 44188, 3071138, '1993-08-16', 37, 2, 1),
(118, 78, 4, 3359306, 33829, 96, 1107590, 30505, 25630, 3322674, '2010-09-16', 30, 25, 1),
(119, 148, 4, 1797809, 41644, 5, 2560739, 45678, 46957, 9599761, '1975-03-07', 27, 26, 4),
(120, 85, 2, 1354601, 35414, 40, 3774789, 36980, 33943, 7169260, '2020-07-26', 44, 18, 2),
(121, 154, 1, 2028304, 28729, 64, 1580492, 30027, 40765, 4334170, '2013-02-09', 1, 15, 5),
(122, 210, 4, 5837188, 48915, 23, 68757, 43751, 44763, 5759095, '2012-09-21', 16, 39, 4),
(123, 112, 1, 7240052, 31771, 21, 2097620, 49599, 38915, 8476386, '1970-07-02', 9, 34, 4),
(124, 73, 3, 5976671, 42899, 88, 186956, 25519, 44186, 9269119, '1978-02-21', 1, 40, 1),
(125, 198, 3, 1559577, 44993, 25, 4506495, 41266, 43095, 1522354, '2005-08-01', 8, 1, 5),
(126, 113, 5, 8637089, 29189, 47, 3380027, 31602, 41877, 9311928, '2019-02-03', 31, 31, 2),
(127, 117, 2, 6531043, 44313, 9, 4438220, 28432, 41364, 302066, '1983-04-01', 12, 39, 1),
(128, 7, 1, 969568, 34800, 79, 4937894, 46494, 44848, 3056440, '1987-04-10', 10, 20, 4),
(129, 209, 1, 5427593, 46865, 49, 4526868, 30482, 43668, 4644820, '2007-05-04', 18, 35, 5),
(130, 91, 5, 2192296, 42051, 107, 3900467, 39668, 31744, 5489596, '2013-02-15', 45, 32, 5),
(131, 188, 3, 1776777, 31568, 53, 4150352, 44353, 32650, 4183387, '2003-10-22', 35, 35, 1),
(132, 227, 4, 6821909, 49577, 51, 2724188, 38692, 29674, 1239498, '1984-11-07', 8, 20, 2),
(133, 45, 4, 438476, 48672, 57, 1209002, 41992, 25752, 448340, '1985-02-10', 14, 30, 5),
(134, 6, 4, 4853851, 37965, 42, 2789903, 39371, 35316, 3971757, '1977-09-22', 2, 39, 2),
(135, 209, 5, 8605499, 32411, 15, 766774, 33169, 39708, 2003936, '2018-09-20', 39, 2, 3),
(136, 173, 3, 3214877, 41753, 31, 4572556, 34551, 41275, 3652485, '1984-03-04', 12, 24, 2),
(137, 100, 2, 4036351, 37112, 56, 2352110, 46163, 25544, 4590308, '2015-05-28', 1, 27, 4),
(138, 103, 1, 5297127, 41979, 39, 4300375, 40683, 40278, 2258825, '1970-12-08', 1, 49, 4),
(139, 3, 2, 2656829, 47441, 79, 628631, 42333, 39399, 5560199, '2019-05-01', 35, 2, 5),
(140, 13, 1, 649970, 32723, 47, 597315, 29094, 40586, 6637528, '1984-12-27', 45, 32, 1),
(141, 92, 5, 9836433, 33021, 104, 3986042, 37627, 34654, 4785417, '1973-08-24', 47, 28, 2),
(142, 41, 4, 1033839, 34524, 32, 389712, 38590, 28746, 2604654, '2014-04-16', 28, 49, 2),
(143, 87, 5, 8857460, 34258, 57, 3332987, 31984, 45534, 4102927, '1985-11-23', 28, 20, 5),
(144, 84, 5, 1007208, 40679, 101, 4574365, 27844, 47291, 3500791, '1970-09-30', 28, 5, 5),
(145, 140, 5, 443817, 30254, 85, 2950791, 26576, 43521, 5341418, '2015-07-27', 35, 2, 3),
(146, 216, 4, 7489436, 28842, 118, 512227, 29830, 35853, 4066510, '2006-03-25', 40, 16, 2),
(147, 49, 2, 8142006, 47003, 58, 1808402, 36714, 40269, 5185399, '2009-07-12', 48, 2, 2),
(148, 62, 4, 1364113, 31126, 86, 1428623, 41573, 36163, 1033684, '1993-09-10', 12, 47, 1),
(149, 50, 3, 2881554, 38903, 63, 4038152, 34402, 34318, 3599741, '2020-05-18', 8, 41, 3),
(150, 33, 4, 236621, 33191, 62, 3595239, 27346, 41999, 5682052, '2002-05-01', 49, 4, 4);

-- --------------------------------------------------------

--
-- Table structure for table `rekening`
--

CREATE TABLE `rekening` (
  `nomor` bigint(20) NOT NULL,
  `pemilik` bigint(20) NOT NULL,
  `wajib` bigint(20) DEFAULT NULL,
  `pokok` bigint(20) DEFAULT NULL,
  `tabungan` bigint(20) DEFAULT NULL,
  `sukarela` bigint(20) DEFAULT NULL
) ENGINE=InnoDB DEFAULT CHARSET=utf8;

--
-- Dumping data for table `rekening`
--

INSERT INTO `rekening` (`nomor`, `pemilik`, `wajib`, `pokok`, `tabungan`, `sukarela`) VALUES
(1, 1, 30141396, 41348249, 21981612, 11053528),
(2, 2, 25042124, 35673852, 12261202, 46824049),
(3, 3, 14212784, 37090507, 49423161, 8058710),
(4, 4, 38297772, 11781669, 13646964, 18164536),
(5, 5, 24177887, 20535915, 32741670, 19039770),
(6, 6, 18860334, 7814151, 43546191, 31130871),
(7, 7, 42983797, 25812379, 12482533, 11259679),
(8, 8, 13373776, 729978, 32178704, 17673134),
(9, 9, 33399871, 2290893, 7896405, 25410390),
(10, 10, 34853803, 22241280, 7558053, 11167297),
(11, 11, 33013851, 17488728, 19763470, 24254651),
(12, 12, 11783912, 35054147, 30113627, 22711074),
(13, 13, 40012303, 1373309, 40864317, 34243823),
(14, 14, 34092609, 5095978, 43757697, 29300480),
(15, 15, 24937723, 1086039, 24595439, 33007480),
(16, 16, 37095557, 7551460, 11646222, 31783633),
(17, 17, 3438988, 15516852, 12318623, 6758961),
(18, 18, 31046912, 30190026, 5148454, 3153122),
(19, 19, 20896278, 40564955, 39150081, 44880814),
(20, 20, 12326668, 28274109, 19274823, 21229196),
(21, 21, 13587580, 3452552, 33397875, 23647824),
(22, 22, 19554250, 48573761, 18102575, 44309979),
(23, 23, 46178912, 17606897, 843093, 24371209),
(24, 24, 36692329, 4828041, 23908378, 43502102),
(25, 25, 40713013, 45085387, 4956788, 13272781),
(26, 26, 41896035, 49827580, 21018544, 41296330),
(27, 27, 37115640, 16690472, 17450266, 36227858),
(28, 28, 9713616, 25874612, 6520686, 48857854),
(29, 29, 8680880, 49111963, 43100282, 27008522),
(30, 30, 32115707, 30651295, 45137960, 40007861),
(31, 31, 690050, 20460047, 32826704, 48449499),
(32, 32, 41381560, 20222303, 34001310, 6202215),
(33, 33, 41301037, 7602428, 35837403, 29000453),
(34, 34, 20526004, 15813407, 18930031, 6977468),
(35, 35, 26331510, 36774657, 13111035, 36792639),
(36, 36, 48692930, 45785473, 44557719, 12293164),
(37, 37, 24908749, 39266975, 32087687, 31102755),
(38, 38, 21093593, 7417770, 4741636, 35894894),
(39, 39, 35787656, 1782740, 47783726, 28768058),
(40, 40, 9969347, 20483147, 11310444, 375927),
(41, 41, 27705955, 32696171, 25983026, 34123118),
(42, 42, 18658565, 19165659, 22258731, 1497864),
(43, 43, 7601269, 20046636, 30733449, 12464402),
(44, 44, 15422270, 41511733, 42038404, 5805881),
(45, 45, 20177147, 35154616, 36086828, 27695395),
(46, 46, 30047559, 27205186, 6760486, 11893180),
(47, 47, 30209711, 37860160, 29234635, 12193695),
(48, 48, 5808873, 43329840, 2738830, 12062564),
(49, 49, 17886627, 40089579, 44079219, 3121145),
(50, 50, 32340559, 33125657, 45844586, 2706845);

-- --------------------------------------------------------

--
-- Table structure for table `simpanan`
--

CREATE TABLE `simpanan` (
  `id` bigint(20) NOT NULL,
  `rekening` bigint(20) NOT NULL,
  `jenis` tinyint(4) NOT NULL,
  `jumlah` bigint(20) NOT NULL,
  `id_transaksi` bigint(20) NOT NULL,
  `keterangan` varchar(100) NOT NULL
) ENGINE=InnoDB DEFAULT CHARSET=utf8;

--
-- Dumping data for table `simpanan`
--

INSERT INTO `simpanan` (`id`, `rekening`, `jenis`, `jumlah`, `id_transaksi`, `keterangan`) VALUES
(1, 19, 3, 3312733, 114, 'Consequatur quasi maxime.'),
(2, 28, 1, 7549196, 72, 'Temporibus non quia.'),
(3, 18, 3, 1640354, 5, 'Nam temporibus id autem.'),
(4, 34, 3, 5954235, 96, 'Et vitae eum ut unde.'),
(5, 30, 2, 4941656, 37, 'Ullam accusantium omnis.'),
(6, 12, 3, 147313, 59, ''),
(7, 26, 1, 5031107, 11, 'Illum eos qui eaque excepturi.'),
(8, 27, 1, 4479945, 22, ''),
(9, 10, 2, 1076839, 181, ''),
(10, 19, 4, 9689994, 61, 'Hic et.'),
(11, 45, 1, 3846287, 188, 'Ut aspernatur modi explicabo.'),
(12, 23, 4, 3211204, 6, ''),
(13, 41, 1, 4632066, 132, ''),
(14, 42, 4, 5693062, 65, 'Est iure quia explicabo eveniet.'),
(15, 16, 2, 5713246, 157, ''),
(16, 25, 3, 7268514, 83, ''),
(17, 40, 1, 8952489, 94, 'Optio laboriosam magni.'),
(18, 43, 3, 2077401, 97, 'Doloribus voluptas qui.'),
(19, 48, 4, 8746126, 180, ''),
(20, 43, 1, 3862827, 152, ''),
(21, 8, 1, 7725076, 197, 'Enim placeat quia cum qui.'),
(22, 5, 3, 8930287, 152, ''),
(23, 7, 2, 1535096, 176, ''),
(24, 40, 1, 6541287, 135, ''),
(25, 6, 3, 4986036, 15, ''),
(26, 45, 1, 3967471, 140, ''),
(27, 16, 4, 4622681, 166, ''),
(28, 39, 3, 5070002, 99, 'Mollitia quis esse.'),
(29, 13, 3, 8774673, 71, 'Recusandae tempora quia id.'),
(30, 8, 2, 1209823, 118, 'Nostrum consequatur ipsam.'),
(31, 46, 3, 1988898, 143, ''),
(32, 45, 3, 1658428, 60, ''),
(33, 33, 4, 9506316, 139, ''),
(34, 27, 3, 4191176, 187, 'Dicta dolores dolorum.'),
(35, 10, 3, 836172, 98, ''),
(36, 14, 3, 1039420, 108, 'Iure consequatur harum dolores.'),
(37, 49, 4, 8228406, 77, ''),
(38, 40, 3, 8941729, 14, ''),
(39, 15, 4, 9730138, 141, ''),
(40, 32, 1, 8326493, 38, 'Eos nihil impedit possimus.'),
(41, 12, 4, 4022000, 166, ''),
(42, 47, 4, 101630, 113, 'Deleniti cupiditate numquam.'),
(43, 12, 3, 1834221, 83, ''),
(44, 47, 1, 5576677, 10, ''),
(45, 43, 1, 7858928, 156, ''),
(46, 18, 3, 6935434, 80, 'Consequatur debitis fugit.'),
(47, 45, 2, 1733612, 64, ''),
(48, 14, 2, 8849475, 1, ''),
(49, 17, 3, 6304663, 188, ''),
(50, 2, 1, 530493, 5, 'Impedit id excepturi rem.'),
(51, 11, 2, 3161244, 3, ''),
(52, 3, 2, 3239532, 180, ''),
(53, 31, 3, 2149828, 85, ''),
(54, 1, 2, 6192144, 95, ''),
(55, 4, 2, 6301540, 143, ''),
(56, 43, 3, 7779978, 45, 'Voluptas quas.'),
(57, 12, 3, 800578, 139, ''),
(58, 28, 4, 8591060, 192, ''),
(59, 28, 1, 4566863, 100, 'Iusto expedita et.'),
(60, 25, 1, 5251714, 136, ''),
(61, 26, 2, 8006980, 17, ''),
(62, 27, 2, 155280, 85, ''),
(63, 22, 1, 1624865, 199, ''),
(64, 43, 1, 8422332, 99, ''),
(65, 17, 1, 136069, 170, ''),
(66, 2, 4, 6904981, 109, 'Perferendis qui voluptas.'),
(67, 14, 1, 9663871, 25, ''),
(68, 48, 4, 1161315, 193, ''),
(69, 46, 2, 8932524, 27, 'Ut laboriosam quo.'),
(70, 21, 4, 9156535, 67, 'Ut harum occaecati ad.'),
(71, 5, 2, 7029898, 150, ''),
(72, 9, 4, 6054574, 42, ''),
(73, 30, 2, 4129726, 54, ''),
(74, 30, 1, 5971628, 70, 'Adipisci error aut.'),
(75, 4, 2, 7704480, 98, ''),
(76, 47, 3, 5650930, 95, 'Aperiam aliquam qui molestiae.'),
(77, 24, 4, 3965294, 140, 'Dolor neque laborum.'),
(78, 30, 3, 9819088, 95, ''),
(79, 28, 3, 1366544, 162, ''),
(80, 35, 1, 7593599, 128, ''),
(81, 2, 1, 3361585, 197, ''),
(82, 39, 2, 7669368, 173, ''),
(83, 49, 4, 3299396, 34, ''),
(84, 13, 2, 4215861, 66, 'Soluta autem illum.'),
(85, 30, 3, 4304863, 163, 'Distinctio numquam id accusamus ab.'),
(86, 4, 2, 1405826, 67, ''),
(87, 28, 4, 6292481, 24, ''),
(88, 13, 3, 949734, 171, ''),
(89, 37, 1, 3610350, 100, 'In id et consequuntur sit.'),
(90, 27, 4, 9673448, 112, ''),
(91, 9, 4, 4459081, 140, ''),
(92, 8, 3, 6611835, 3, 'Quis quis perferendis.'),
(93, 1, 3, 268608, 184, ''),
(94, 10, 4, 9621624, 83, 'Possimus ut nihil ducimus.'),
(95, 26, 2, 6745317, 196, 'Harum et reprehenderit.'),
(96, 17, 2, 4120695, 94, 'Natus architecto ex quia.'),
(97, 33, 1, 3836737, 86, ''),
(98, 39, 2, 3916948, 195, ''),
(99, 32, 4, 2191336, 14, ''),
(100, 7, 3, 1816151, 171, 'Dolore placeat in.');

-- --------------------------------------------------------

--
-- Table structure for table `status_akun`
--

CREATE TABLE `status_akun` (
  `id` tinyint(4) NOT NULL,
  `status` varchar(30) NOT NULL
) ENGINE=InnoDB DEFAULT CHARSET=utf8;

--
-- Dumping data for table `status_akun`
--

INSERT INTO `status_akun` (`id`, `status`) VALUES
(1, 'Aktif'),
(2, 'Nonaktif');

-- --------------------------------------------------------

--
-- Table structure for table `status_transaksi`
--

CREATE TABLE `status_transaksi` (
  `id` tinyint(4) NOT NULL,
  `status` varchar(30) NOT NULL
) ENGINE=InnoDB DEFAULT CHARSET=utf8;

--
-- Dumping data for table `status_transaksi`
--

INSERT INTO `status_transaksi` (`id`, `status`) VALUES
(1, 'Acc'),
(2, 'Diproses'),
(3, 'Ditolak'),
(4, 'Selesai'),
(5, 'Diangsur');

-- --------------------------------------------------------

--
-- Table structure for table `toko`
--

CREATE TABLE `toko` (
  `id` bigint(20) NOT NULL,
  `id_transaksi` bigint(20) NOT NULL,
  `id_peminjaman` bigint(20) NOT NULL,
  `ke` smallint(6) NOT NULL,
  `pokok` bigint(20) NOT NULL,
  `jasa` bigint(20) NOT NULL,
  `keterangan` varchar(100) DEFAULT NULL
) ENGINE=InnoDB DEFAULT CHARSET=utf8;

--
-- Dumping data for table `toko`
--

INSERT INTO `toko` (`id`, `id_transaksi`, `id_peminjaman`, `ke`, `pokok`, `jasa`, `keterangan`) VALUES
(1, 76, 11, 2, 629829, 36001, 'Id incidunt voluptatum natus.'),
(2, 146, 13, 85, 2245352, 28846, 'Incidunt accusantium a non.'),
(3, 109, 14, 59, 905577, 38088, ''),
(4, 133, 24, 39, 3619616, 46770, 'Sed ducimus quam ut incidunt.'),
(5, 114, 12, 86, 1530758, 49852, ''),
(6, 47, 31, 16, 4581559, 31445, 'Soluta et qui animi.'),
(7, 17, 32, 53, 692385, 31322, ''),
(8, 174, 9, 110, 38900, 35255, 'Est aliquam eaque ad.'),
(9, 104, 6, 23, 1169354, 30216, ''),
(10, 162, 35, 102, 3544915, 43847, 'Voluptatem sequi blanditiis.'),
(11, 40, 1, 57, 255058, 31534, 'Necessitatibus occaecati ut odit et.'),
(12, 47, 19, 51, 4383130, 36169, 'Dolor ullam et.'),
(13, 105, 28, 20, 624661, 34247, ''),
(14, 90, 46, 117, 4262858, 36683, ''),
(15, 116, 1, 72, 2344723, 25596, 'Inventore nihil et.'),
(16, 52, 48, 54, 777018, 31487, 'Soluta eos enim.'),
(17, 43, 50, 120, 1010109, 47650, ''),
(18, 41, 38, 99, 118128, 47730, ''),
(19, 53, 44, 31, 4121546, 30138, ''),
(20, 47, 42, 56, 3804620, 25362, 'Autem est inventore.'),
(21, 21, 24, 34, 454258, 25251, ''),
(22, 87, 10, 52, 2254284, 38243, ''),
(23, 20, 16, 101, 3492726, 40024, 'Deleniti doloremque a consequatur.'),
(24, 74, 31, 9, 2177992, 44938, ''),
(25, 83, 9, 35, 4081234, 30666, 'Illo quis corrupti voluptas.');

-- --------------------------------------------------------

--
-- Table structure for table `transaksi`
--

CREATE TABLE `transaksi` (
  `id` bigint(20) NOT NULL,
  `penyetor` bigint(20) NOT NULL,
  `bulan` date NOT NULL,
  `jumlah` bigint(20) NOT NULL,
  `tanggal` date NOT NULL,
  `admin` bigint(20) NOT NULL
) ENGINE=InnoDB DEFAULT CHARSET=utf8;

--
-- Dumping data for table `transaksi`
--

INSERT INTO `transaksi` (`id`, `penyetor`, `bulan`, `jumlah`, `tanggal`, `admin`) VALUES
(1, 34, '1979-04-07', 6832132, '2005-01-07', 22),
(2, 13, '1996-11-26', 6586402, '2016-09-07', 27),
(3, 49, '2015-03-26', 2762275, '1994-02-04', 13),
(4, 33, '2010-09-30', 2758443, '1979-08-09', 22),
(5, 12, '2020-06-11', 5599211, '1972-09-03', 4),
(6, 23, '1996-01-08', 9895776, '2016-08-08', 28),
(7, 33, '2019-01-01', 3530353, '2021-06-02', 43),
(8, 40, '2007-11-29', 1632633, '1972-01-12', 11),
(9, 48, '1986-04-25', 7281461, '1991-08-13', 18),
(10, 27, '1999-06-06', 4148431, '1980-02-20', 46),
(11, 23, '1982-04-03', 5779977, '2005-04-14', 32),
(12, 39, '2003-07-11', 6881850, '2014-02-10', 37),
(13, 10, '2006-06-16', 1271274, '1985-07-28', 23),
(14, 33, '1987-09-24', 7037832, '2008-05-22', 50),
(15, 19, '1972-05-20', 2342553, '1984-03-11', 17),
(16, 14, '2010-04-20', 1958708, '1987-09-23', 3),
(17, 38, '1990-06-05', 4009264, '1989-06-14', 27),
(18, 29, '2020-05-26', 4703137, '1980-09-21', 36),
(19, 39, '1992-01-18', 157668, '1978-09-25', 11),
(20, 8, '1977-05-02', 672729, '1991-10-27', 1),
(21, 15, '1986-04-23', 5937878, '1977-02-21', 30),
(22, 28, '1976-11-02', 8872645, '1992-09-05', 47),
(23, 23, '1995-07-05', 4392107, '2001-02-04', 17),
(24, 8, '1998-03-20', 9795205, '2006-04-09', 20),
(25, 35, '1996-03-05', 1500571, '2016-04-21', 35),
(26, 15, '2016-03-06', 6826488, '1997-02-08', 8),
(27, 17, '1974-03-06', 7078041, '2012-01-14', 4),
(28, 44, '2019-07-03', 8830208, '1998-07-08', 26),
(29, 27, '2013-09-07', 6697647, '2016-01-01', 26),
(30, 25, '2020-06-06', 9954201, '1987-02-10', 46),
(31, 42, '1975-10-15', 7922274, '2019-03-10', 39),
(32, 48, '1999-12-23', 8208119, '2013-01-12', 29),
(33, 15, '1993-04-23', 6779308, '1979-08-23', 27),
(34, 15, '2018-03-27', 9688075, '2000-03-13', 4),
(35, 38, '2015-09-17', 4016016, '2011-07-22', 22),
(36, 4, '1986-10-22', 8191901, '1983-12-09', 2),
(37, 2, '1980-01-05', 1023793, '1997-01-06', 32),
(38, 48, '2010-07-24', 1909101, '2010-08-08', 24),
(39, 49, '1975-07-13', 3447962, '1989-09-29', 6),
(40, 44, '1983-07-20', 7907887, '2001-03-08', 34),
(41, 40, '1989-12-28', 9355024, '1974-07-07', 9),
(42, 41, '1970-03-01', 1638996, '2003-08-23', 6),
(43, 13, '2020-04-14', 1643852, '1993-08-23', 34),
(44, 31, '2014-12-12', 9007714, '2002-02-20', 40),
(45, 10, '1978-10-02', 8130279, '2016-01-01', 6),
(46, 35, '2015-01-03', 8585881, '1999-11-07', 1),
(47, 44, '1982-08-16', 3449029, '1974-02-03', 33),
(48, 30, '1978-08-23', 4667462, '1970-06-25', 9),
(49, 9, '1971-09-28', 1475053, '2019-06-19', 45),
(50, 12, '1979-06-20', 9992620, '1973-12-30', 46),
(51, 16, '2005-07-19', 9070048, '2021-08-25', 16),
(52, 48, '2003-03-16', 5566667, '2014-01-12', 18),
(53, 48, '2020-09-04', 3223873, '2012-09-04', 46),
(54, 42, '1973-09-16', 8111066, '1978-09-05', 46),
(55, 1, '1983-06-10', 5358306, '1984-05-07', 36),
(56, 29, '1976-05-31', 1910178, '1990-05-07', 40),
(57, 44, '1988-03-25', 2714022, '1977-12-25', 20),
(58, 45, '1980-08-28', 1754996, '1984-12-05', 7),
(59, 4, '1997-09-03', 7847374, '1973-01-03', 26),
(60, 46, '1973-04-13', 1476066, '1983-03-21', 13),
(61, 31, '1975-10-19', 9628545, '1980-04-14', 31),
(62, 13, '1998-05-24', 929067, '2006-09-16', 25),
(63, 14, '2002-03-26', 927254, '1978-05-24', 43),
(64, 34, '1972-01-01', 7442456, '1989-05-08', 23),
(65, 37, '1989-06-10', 8344529, '2008-02-22', 45),
(66, 19, '1991-07-20', 9862449, '2008-10-23', 3),
(67, 11, '1976-01-21', 3366340, '2003-01-02', 16),
(68, 21, '2002-12-30', 7007250, '2007-07-26', 8),
(69, 12, '1993-06-25', 2651404, '1986-05-09', 12),
(70, 4, '1971-06-10', 5295082, '2019-12-31', 12),
(71, 47, '1970-03-05', 8900866, '2019-06-12', 33),
(72, 1, '2001-02-20', 9366685, '1983-05-19', 41),
(73, 2, '2010-12-21', 4087556, '1994-10-12', 45),
(74, 48, '1993-05-09', 8233706, '2002-02-01', 5),
(75, 21, '1997-10-25', 8194900, '1970-08-12', 44),
(76, 17, '2010-12-31', 5434285, '1987-10-03', 1),
(77, 24, '2011-08-26', 7732689, '1976-07-27', 30),
(78, 26, '1980-06-04', 9356612, '1999-05-23', 38),
(79, 23, '1971-01-16', 6154238, '2013-06-08', 9),
(80, 10, '2017-11-15', 508057, '1990-01-05', 9),
(81, 4, '1988-10-12', 2256950, '1983-09-17', 29),
(82, 11, '1994-06-22', 7219757, '2014-07-20', 14),
(83, 45, '2016-11-18', 484666, '2011-01-24', 31),
(84, 22, '2003-01-08', 7333465, '1999-08-30', 6),
(85, 43, '1992-06-15', 9800208, '1973-10-06', 25),
(86, 17, '2003-09-14', 959719, '2018-05-10', 40),
(87, 7, '2001-05-23', 3226260, '1999-10-15', 17),
(88, 30, '1990-02-15', 7582934, '1975-03-24', 8),
(89, 12, '1999-05-16', 5258223, '2009-01-18', 27),
(90, 13, '2006-08-18', 1023778, '1974-08-20', 33),
(91, 20, '2007-01-03', 9697412, '1974-10-29', 30),
(92, 33, '1995-01-02', 1188779, '2014-04-30', 44),
(93, 9, '1990-12-08', 2675733, '1992-01-20', 9),
(94, 32, '1996-07-14', 7713751, '2009-02-03', 31),
(95, 17, '1988-11-07', 5855317, '1995-05-05', 42),
(96, 40, '2020-08-12', 9246425, '2014-10-02', 20),
(97, 20, '2004-12-09', 4894322, '1977-07-21', 1),
(98, 34, '1973-05-30', 2699937, '1991-01-28', 14),
(99, 32, '2009-09-29', 9387646, '1991-04-13', 5),
(100, 19, '2017-07-06', 7420097, '2009-04-25', 24),
(101, 29, '1979-11-10', 8964688, '1978-02-22', 36),
(102, 13, '2015-10-15', 1147747, '1997-07-04', 36),
(103, 3, '1996-08-09', 873044, '1971-02-03', 43),
(104, 43, '2002-06-19', 7407010, '1986-04-16', 15),
(105, 20, '2010-07-23', 976884, '2012-05-25', 6),
(106, 47, '2021-05-13', 311551, '1995-04-09', 39),
(107, 35, '1979-05-05', 2213388, '2011-05-19', 30),
(108, 33, '1992-08-02', 500387, '1995-02-22', 44),
(109, 38, '1986-01-29', 3861762, '2011-10-11', 14),
(110, 25, '2011-12-17', 8216829, '1977-04-12', 4),
(111, 5, '1994-09-26', 158508, '2000-07-17', 14),
(112, 24, '2004-01-09', 2069991, '2001-10-08', 25),
(113, 15, '2017-08-31', 2749476, '1979-01-15', 7),
(114, 39, '2020-05-06', 2558939, '1978-04-23', 46),
(115, 12, '1987-05-14', 6774182, '1996-09-04', 7),
(116, 20, '2011-08-30', 2785684, '1986-11-04', 40),
(117, 43, '1980-07-16', 9837847, '1997-04-13', 33),
(118, 25, '1994-06-26', 6458083, '1994-09-16', 45),
(119, 25, '1999-09-28', 391033, '2005-02-07', 18),
(120, 9, '1974-12-18', 7684469, '2000-07-19', 44),
(121, 24, '1993-03-26', 1138975, '1986-10-05', 5),
(122, 33, '2016-07-13', 8062041, '1998-08-25', 8),
(123, 34, '2020-05-01', 8324614, '1984-01-02', 16),
(124, 2, '1979-05-26', 7217374, '2021-06-22', 21),
(125, 29, '1977-06-16', 3863104, '2019-02-13', 26),
(126, 25, '1987-08-14', 920800, '1987-04-09', 34),
(127, 40, '2010-12-17', 4472421, '1974-02-16', 48),
(128, 9, '1982-01-19', 9172807, '2000-08-05', 5),
(129, 5, '2020-05-24', 4261049, '1983-04-18', 47),
(130, 50, '1984-09-29', 5734067, '1987-07-05', 16),
(131, 4, '2003-12-10', 3398466, '2014-02-10', 20),
(132, 6, '2000-01-12', 2125440, '2012-04-30', 46),
(133, 2, '1973-06-05', 6713839, '2007-05-30', 31),
(134, 40, '1974-10-20', 7924817, '1988-08-28', 27),
(135, 48, '2018-09-22', 6785325, '1977-11-28', 49),
(136, 21, '2011-05-11', 3174367, '1986-06-18', 21),
(137, 3, '2008-11-15', 5750042, '1998-10-29', 4),
(138, 29, '1979-02-06', 5074574, '2016-03-02', 37),
(139, 19, '1972-03-27', 4176738, '1977-05-07', 31),
(140, 8, '2021-02-03', 3604612, '1999-07-28', 48),
(141, 7, '1976-01-22', 8181049, '1992-03-02', 33),
(142, 32, '2021-09-11', 427599, '1992-06-26', 46),
(143, 30, '2013-03-09', 2092957, '2001-01-28', 40),
(144, 1, '2012-10-11', 5275387, '2016-08-13', 35),
(145, 36, '1992-10-18', 390900, '2001-06-21', 50),
(146, 50, '1973-08-19', 175333, '1971-06-01', 39),
(147, 20, '1999-03-14', 1654688, '2015-09-06', 6),
(148, 35, '1988-12-01', 5556489, '2018-01-12', 22),
(149, 36, '2007-08-09', 3666766, '1977-08-10', 24),
(150, 48, '1993-09-20', 4554183, '1972-05-13', 34),
(151, 22, '2009-08-15', 3566027, '2001-07-28', 18),
(152, 4, '2007-03-09', 7551585, '1970-02-04', 25),
(153, 22, '1992-12-29', 2280093, '1995-09-06', 33),
(154, 12, '1991-05-05', 9505705, '1981-04-24', 40),
(155, 13, '2015-03-26', 9119050, '1998-12-22', 19),
(156, 37, '1981-04-30', 9944300, '2019-12-15', 19),
(157, 1, '1973-07-17', 4158032, '2000-08-04', 19),
(158, 15, '2004-07-27', 6276154, '1979-06-13', 31),
(159, 8, '1996-05-02', 399870, '1994-05-18', 15),
(160, 16, '1978-02-03', 1724669, '2003-03-03', 44),
(161, 15, '1999-12-07', 7047386, '1999-06-08', 16),
(162, 33, '2009-07-12', 8372543, '1977-02-03', 35),
(163, 21, '1984-04-27', 9914641, '1988-06-23', 17),
(164, 6, '1979-08-04', 6270373, '2012-01-07', 6),
(165, 40, '1992-01-20', 8670865, '2002-08-02', 3),
(166, 39, '1973-09-16', 9044102, '1981-06-03', 12),
(167, 21, '1990-02-26', 1006219, '2000-05-07', 43),
(168, 37, '1993-01-13', 5590410, '1994-06-26', 42),
(169, 26, '2009-03-01', 6010126, '2010-05-01', 48),
(170, 32, '1999-01-25', 2554253, '2011-08-10', 39),
(171, 17, '2017-07-08', 1395885, '1976-11-10', 19),
(172, 8, '1986-10-24', 7543148, '1997-04-11', 18),
(173, 37, '1999-09-26', 5303755, '1982-08-24', 23),
(174, 49, '1984-04-19', 9342331, '1988-10-23', 44),
(175, 37, '1986-04-12', 9184669, '2007-03-08', 14),
(176, 38, '2001-07-03', 5225240, '2000-10-24', 2),
(177, 29, '1991-07-11', 3116566, '1985-07-08', 20),
(178, 37, '1972-10-10', 584965, '2000-02-05', 49),
(179, 36, '1980-10-12', 5988504, '1983-12-31', 42),
(180, 5, '2008-03-23', 6663289, '1979-06-01', 26),
(181, 45, '1984-05-10', 9832022, '1989-07-29', 43),
(182, 38, '2016-12-30', 663918, '2012-06-16', 15),
(183, 36, '1975-05-03', 1318926, '2013-05-19', 24),
(184, 7, '1993-01-14', 2834867, '1972-02-26', 11),
(185, 22, '2019-12-23', 8195683, '1985-01-15', 39),
(186, 50, '2019-05-06', 3586086, '1972-03-25', 39),
(187, 7, '2003-07-16', 4661304, '2004-05-22', 7),
(188, 6, '2004-06-10', 4303046, '1996-06-10', 43),
(189, 29, '1979-12-26', 9154245, '1993-09-22', 4),
(190, 37, '1976-10-03', 4507148, '1988-02-08', 16),
(191, 17, '1984-07-02', 8018570, '1983-04-01', 24),
(192, 18, '2001-05-10', 3250080, '1975-11-14', 45),
(193, 44, '2008-02-26', 4580000, '2013-04-06', 4),
(194, 44, '2006-03-13', 4748793, '1979-04-24', 30),
(195, 45, '1994-06-22', 3750632, '2012-02-20', 48),
(196, 5, '1997-07-24', 4887395, '2001-03-27', 39),
(197, 41, '1994-07-22', 6414789, '2002-09-22', 43),
(198, 4, '1992-09-08', 4572164, '2016-09-18', 27),
(199, 17, '1977-08-05', 8723075, '1984-06-06', 11),
(200, 37, '2016-09-17', 4555905, '1985-09-12', 38);

-- --------------------------------------------------------

--
-- Table structure for table `trx_arisan`
--

CREATE TABLE `trx_arisan` (
  `id` bigint(20) NOT NULL,
  `id_transaksi` bigint(20) NOT NULL,
  `bulan` date NOT NULL,
  `jumlah` bigint(20) NOT NULL,
  `keterangan` varchar(100) DEFAULT NULL
) ENGINE=InnoDB DEFAULT CHARSET=utf8;

--
-- Dumping data for table `trx_arisan`
--

INSERT INTO `trx_arisan` (`id`, `id_transaksi`, `bulan`, `jumlah`, `keterangan`) VALUES
(1, 187, '1973-12-25', 134369, 'Facilis dicta exercitationem unde.'),
(2, 43, '1992-06-30', 148917, 'Impedit sint ea.'),
(3, 91, '1983-06-24', 192226, ''),
(4, 134, '2009-09-06', 183035, ''),
(5, 138, '2002-08-07', 112487, ''),
(6, 148, '1998-07-30', 64830, 'Rerum aperiam voluptatum voluptatem.'),
(7, 108, '1980-08-01', 189866, ''),
(8, 65, '1994-02-28', 156292, ''),
(9, 92, '2004-11-15', 122578, 'Laudantium qui cumque qui.'),
(10, 139, '2017-10-09', 174469, 'Assumenda sequi consequuntur illo ipsa.'),
(11, 90, '1983-03-28', 168565, ''),
(12, 173, '1997-10-07', 95414, 'Autem at aspernatur.'),
(13, 122, '1984-10-25', 129451, ''),
(14, 87, '1971-04-07', 86544, ''),
(15, 65, '1988-08-28', 113538, ''),
(16, 82, '2007-05-17', 187311, 'Similique eum amet dolor.'),
(17, 9, '1995-11-17', 89168, 'Consequuntur atque sunt.'),
(18, 52, '1987-02-15', 174769, ''),
(19, 82, '2009-01-13', 131365, ''),
(20, 149, '2012-12-03', 88594, '');

-- --------------------------------------------------------

--
-- Table structure for table `usp`
--

CREATE TABLE `usp` (
  `id` bigint(20) NOT NULL,
  `id_transaksi` bigint(20) NOT NULL,
  `id_peminjaman` bigint(20) DEFAULT NULL,
  `ke` smallint(6) DEFAULT NULL,
  `pokok` bigint(20) NOT NULL,
  `jasa` bigint(20) NOT NULL,
  `keterangan` varchar(100) DEFAULT NULL
) ENGINE=InnoDB DEFAULT CHARSET=utf8;

--
-- Dumping data for table `usp`
--

INSERT INTO `usp` (`id`, `id_transaksi`, `id_peminjaman`, `ke`, `pokok`, `jasa`, `keterangan`) VALUES
(1, 67, NULL, NULL, 2767470, 36411, 'Voluptates velit eligendi facilis.'),
(2, 187, NULL, NULL, 3074756, 36297, ''),
(3, 164, NULL, NULL, 293300, 40347, 'Molestiae quia et.'),
(4, 106, NULL, NULL, 4410851, 48815, ''),
(5, 87, NULL, NULL, 1770602, 46085, 'Et molestiae vel sunt.'),
(6, 107, NULL, NULL, 2699150, 43746, 'Eius fugiat est quae.'),
(7, 176, NULL, NULL, 3420905, 32410, ''),
(8, 8, NULL, NULL, 1171562, 33425, 'Aut et quia pariatur.'),
(9, 80, NULL, NULL, 150534, 47911, ''),
(10, 67, NULL, NULL, 4730584, 34168, ''),
(11, 89, NULL, NULL, 3943876, 25574, ''),
(12, 65, NULL, NULL, 3365653, 33439, ''),
(13, 13, NULL, NULL, 4802177, 38616, 'Quod ut amet quibusdam.'),
(14, 47, NULL, NULL, 2166450, 40062, 'Id ducimus velit.'),
(15, 139, NULL, NULL, 3076474, 49374, ''),
(16, 156, NULL, NULL, 3868845, 28237, 'Corporis sunt velit.'),
(17, 156, NULL, NULL, 3793087, 28804, ''),
(18, 9, NULL, NULL, 3833733, 49168, 'Aut et.'),
(19, 169, NULL, NULL, 3863821, 34982, ''),
(20, 87, NULL, NULL, 1048292, 40107, 'Dolorum doloribus quo autem tempore.'),
(21, 104, NULL, NULL, 1392735, 36959, ''),
(22, 92, NULL, NULL, 3934683, 40821, ''),
(23, 186, NULL, NULL, 4362776, 42996, ''),
(24, 64, NULL, NULL, 1562904, 31611, 'Rem dolores et.'),
(25, 169, NULL, NULL, 2206346, 49301, '');

--
-- Indexes for dumped tables
--

--
-- Indexes for table `ajuan`
--
ALTER TABLE `ajuan`
  ADD PRIMARY KEY (`id`),
  ADD KEY `fk_admin_ajuan` (`admin`),
  ADD KEY `fk_status_ajuan` (`jenis`),
  ADD KEY `fk_peminjam_ajuan` (`peminjam`);

--
-- Indexes for table `akun`
--
ALTER TABLE `akun`
  ADD PRIMARY KEY (`nip`),
  ADD KEY `fk_instansi` (`instansi`),
  ADD KEY `fk_status_akun` (`status`),
  ADD KEY `fk_jabatan` (`jabatan`),
  ADD KEY `fk_kelamin` (`kelamin`);

--
-- Indexes for table `arisan`
--
ALTER TABLE `arisan`
  ADD PRIMARY KEY (`id`),
  ADD KEY `fk_admin_arisan` (`admin`),
  ADD KEY `fk_pemenang_arisan` (`pemenang`);

--
-- Indexes for table `bke`
--
ALTER TABLE `bke`
  ADD PRIMARY KEY (`id`),
  ADD KEY `fk_bke` (`id_transaksi`),
  ADD KEY `fk_peminjaman_bke` (`id_peminjaman`);

--
-- Indexes for table `ekstra`
--
ALTER TABLE `ekstra`
  ADD PRIMARY KEY (`id`),
  ADD KEY `fk_ekstra` (`id_transaksi`),
  ADD KEY `fk_peminjaman_ekstra` (`id_peminjaman`);

--
-- Indexes for table `haji`
--
ALTER TABLE `haji`
  ADD PRIMARY KEY (`id`),
  ADD KEY `fk_haji` (`id_transaksi`),
  ADD KEY `fk_peminjaman_haji` (`id_peminjaman`);

--
-- Indexes for table `instansi`
--
ALTER TABLE `instansi`
  ADD PRIMARY KEY (`id`);

--
-- Indexes for table `jabatan`
--
ALTER TABLE `jabatan`
  ADD PRIMARY KEY (`id`);

--
-- Indexes for table `jenis_pinjaman`
--
ALTER TABLE `jenis_pinjaman`
  ADD PRIMARY KEY (`id`);

--
-- Indexes for table `jenis_simpanan`
--
ALTER TABLE `jenis_simpanan`
  ADD PRIMARY KEY (`id`);

--
-- Indexes for table `kelamin`
--
ALTER TABLE `kelamin`
  ADD PRIMARY KEY (`id`);

--
-- Indexes for table `peminjaman`
--
ALTER TABLE `peminjaman`
  ADD PRIMARY KEY (`id`),
  ADD KEY `fk_admin_peminjaman` (`admin`),
  ADD KEY `fk_ajuan` (`id_ajuan`),
  ADD KEY `fk_jenis` (`jenis`),
  ADD KEY `fk_pimpinan_peminjaman` (`pimpinan`),
  ADD KEY `fk_status_peminjaman` (`status`);

--
-- Indexes for table `rekening`
--
ALTER TABLE `rekening`
  ADD PRIMARY KEY (`nomor`),
  ADD KEY `fk_pemilik` (`pemilik`);

--
-- Indexes for table `simpanan`
--
ALTER TABLE `simpanan`
  ADD PRIMARY KEY (`id`),
  ADD KEY `fk_transaksi_simpanan` (`id_transaksi`),
  ADD KEY `fk_jenis_simpanan` (`jenis`),
  ADD KEY `fk_rekening_simpanan` (`rekening`);

--
-- Indexes for table `status_akun`
--
ALTER TABLE `status_akun`
  ADD PRIMARY KEY (`id`);

--
-- Indexes for table `status_transaksi`
--
ALTER TABLE `status_transaksi`
  ADD PRIMARY KEY (`id`);

--
-- Indexes for table `toko`
--
ALTER TABLE `toko`
  ADD PRIMARY KEY (`id`),
  ADD KEY `fk_toko` (`id_transaksi`),
  ADD KEY `fk_peminjaman_toko` (`id_peminjaman`);

--
-- Indexes for table `transaksi`
--
ALTER TABLE `transaksi`
  ADD PRIMARY KEY (`id`),
  ADD KEY `fk_admin_trx` (`admin`),
  ADD KEY `fk_penyetor` (`penyetor`);

--
-- Indexes for table `trx_arisan`
--
ALTER TABLE `trx_arisan`
  ADD PRIMARY KEY (`id`),
  ADD KEY `fk_transaksi_arisan` (`id_transaksi`);

--
-- Indexes for table `usp`
--
ALTER TABLE `usp`
  ADD PRIMARY KEY (`id`),
  ADD KEY `fk_usp` (`id_transaksi`),
  ADD KEY `fk_peminjaman_usp` (`id_peminjaman`);

--
-- AUTO_INCREMENT for dumped tables
--

--
-- AUTO_INCREMENT for table `ajuan`
--
ALTER TABLE `ajuan`
  MODIFY `id` bigint(20) NOT NULL AUTO_INCREMENT, AUTO_INCREMENT=251;

--
-- AUTO_INCREMENT for table `arisan`
--
ALTER TABLE `arisan`
  MODIFY `id` bigint(20) NOT NULL AUTO_INCREMENT, AUTO_INCREMENT=51;

--
-- AUTO_INCREMENT for table `bke`
--
ALTER TABLE `bke`
  MODIFY `id` bigint(20) NOT NULL AUTO_INCREMENT, AUTO_INCREMENT=26;

--
-- AUTO_INCREMENT for table `ekstra`
--
ALTER TABLE `ekstra`
  MODIFY `id` bigint(20) NOT NULL AUTO_INCREMENT, AUTO_INCREMENT=26;

--
-- AUTO_INCREMENT for table `haji`
--
ALTER TABLE `haji`
  MODIFY `id` bigint(20) NOT NULL AUTO_INCREMENT, AUTO_INCREMENT=26;

--
-- AUTO_INCREMENT for table `instansi`
--
ALTER TABLE `instansi`
  MODIFY `id` int(11) NOT NULL AUTO_INCREMENT, AUTO_INCREMENT=11;

--
-- AUTO_INCREMENT for table `jabatan`
--
ALTER TABLE `jabatan`
  MODIFY `id` tinyint(4) NOT NULL AUTO_INCREMENT, AUTO_INCREMENT=4;

--
-- AUTO_INCREMENT for table `jenis_pinjaman`
--
ALTER TABLE `jenis_pinjaman`
  MODIFY `id` tinyint(4) NOT NULL AUTO_INCREMENT, AUTO_INCREMENT=6;

--
-- AUTO_INCREMENT for table `jenis_simpanan`
--
ALTER TABLE `jenis_simpanan`
  MODIFY `id` tinyint(4) NOT NULL AUTO_INCREMENT, AUTO_INCREMENT=5;

--
-- AUTO_INCREMENT for table `kelamin`
--
ALTER TABLE `kelamin`
  MODIFY `id` tinyint(4) NOT NULL AUTO_INCREMENT, AUTO_INCREMENT=3;

--
-- AUTO_INCREMENT for table `peminjaman`
--
ALTER TABLE `peminjaman`
  MODIFY `id` bigint(20) NOT NULL AUTO_INCREMENT, AUTO_INCREMENT=151;

--
-- AUTO_INCREMENT for table `rekening`
--
ALTER TABLE `rekening`
  MODIFY `nomor` bigint(20) NOT NULL AUTO_INCREMENT, AUTO_INCREMENT=51;

--
-- AUTO_INCREMENT for table `simpanan`
--
ALTER TABLE `simpanan`
  MODIFY `id` bigint(20) NOT NULL AUTO_INCREMENT, AUTO_INCREMENT=101;

--
-- AUTO_INCREMENT for table `status_akun`
--
ALTER TABLE `status_akun`
  MODIFY `id` tinyint(4) NOT NULL AUTO_INCREMENT, AUTO_INCREMENT=3;

--
-- AUTO_INCREMENT for table `status_transaksi`
--
ALTER TABLE `status_transaksi`
  MODIFY `id` tinyint(4) NOT NULL AUTO_INCREMENT, AUTO_INCREMENT=6;

--
-- AUTO_INCREMENT for table `toko`
--
ALTER TABLE `toko`
  MODIFY `id` bigint(20) NOT NULL AUTO_INCREMENT, AUTO_INCREMENT=26;

--
-- AUTO_INCREMENT for table `transaksi`
--
ALTER TABLE `transaksi`
  MODIFY `id` bigint(20) NOT NULL AUTO_INCREMENT, AUTO_INCREMENT=201;

--
-- AUTO_INCREMENT for table `trx_arisan`
--
ALTER TABLE `trx_arisan`
  MODIFY `id` bigint(20) NOT NULL AUTO_INCREMENT, AUTO_INCREMENT=21;

--
-- AUTO_INCREMENT for table `usp`
--
ALTER TABLE `usp`
  MODIFY `id` bigint(20) NOT NULL AUTO_INCREMENT, AUTO_INCREMENT=26;

--
-- Constraints for dumped tables
--

--
-- Constraints for table `ajuan`
--
ALTER TABLE `ajuan`
  ADD CONSTRAINT `fk_admin_ajuan` FOREIGN KEY (`admin`) REFERENCES `akun` (`nip`) ON DELETE CASCADE ON UPDATE CASCADE,
  ADD CONSTRAINT `fk_peminjam_ajuan` FOREIGN KEY (`peminjam`) REFERENCES `akun` (`nip`) ON DELETE CASCADE ON UPDATE CASCADE,
  ADD CONSTRAINT `fk_status_ajuan` FOREIGN KEY (`jenis`) REFERENCES `status_transaksi` (`id`) ON DELETE CASCADE ON UPDATE CASCADE;

--
-- Constraints for table `akun`
--
ALTER TABLE `akun`
  ADD CONSTRAINT `fk_instansi` FOREIGN KEY (`instansi`) REFERENCES `instansi` (`id`) ON DELETE CASCADE ON UPDATE CASCADE,
  ADD CONSTRAINT `fk_jabatan` FOREIGN KEY (`jabatan`) REFERENCES `jabatan` (`id`) ON DELETE CASCADE ON UPDATE CASCADE,
  ADD CONSTRAINT `fk_kelamin` FOREIGN KEY (`kelamin`) REFERENCES `kelamin` (`id`) ON DELETE CASCADE ON UPDATE CASCADE,
  ADD CONSTRAINT `fk_status_akun` FOREIGN KEY (`status`) REFERENCES `status_akun` (`id`) ON DELETE CASCADE ON UPDATE CASCADE;

--
-- Constraints for table `arisan`
--
ALTER TABLE `arisan`
  ADD CONSTRAINT `fk_admin_arisan` FOREIGN KEY (`admin`) REFERENCES `akun` (`nip`) ON DELETE CASCADE ON UPDATE CASCADE,
  ADD CONSTRAINT `fk_pemenang_arisan` FOREIGN KEY (`pemenang`) REFERENCES `akun` (`nip`) ON DELETE CASCADE ON UPDATE CASCADE;

--
-- Constraints for table `bke`
--
ALTER TABLE `bke`
  ADD CONSTRAINT `fk_bke` FOREIGN KEY (`id_transaksi`) REFERENCES `transaksi` (`id`) ON DELETE CASCADE ON UPDATE CASCADE,
  ADD CONSTRAINT `fk_peminjaman_bke` FOREIGN KEY (`id_peminjaman`) REFERENCES `peminjaman` (`id`) ON DELETE CASCADE ON UPDATE CASCADE;

--
-- Constraints for table `ekstra`
--
ALTER TABLE `ekstra`
  ADD CONSTRAINT `fk_ekstra` FOREIGN KEY (`id_transaksi`) REFERENCES `transaksi` (`id`) ON DELETE CASCADE ON UPDATE CASCADE,
  ADD CONSTRAINT `fk_peminjaman_ekstra` FOREIGN KEY (`id_peminjaman`) REFERENCES `peminjaman` (`id`) ON DELETE CASCADE ON UPDATE CASCADE;

--
-- Constraints for table `haji`
--
ALTER TABLE `haji`
  ADD CONSTRAINT `fk_haji` FOREIGN KEY (`id_transaksi`) REFERENCES `transaksi` (`id`) ON DELETE CASCADE ON UPDATE CASCADE,
  ADD CONSTRAINT `fk_peminjaman_haji` FOREIGN KEY (`id_peminjaman`) REFERENCES `peminjaman` (`id`) ON DELETE CASCADE ON UPDATE CASCADE;

--
-- Constraints for table `peminjaman`
--
ALTER TABLE `peminjaman`
  ADD CONSTRAINT `fk_admin_peminjaman` FOREIGN KEY (`admin`) REFERENCES `akun` (`nip`) ON DELETE CASCADE ON UPDATE CASCADE,
  ADD CONSTRAINT `fk_ajuan` FOREIGN KEY (`id_ajuan`) REFERENCES `ajuan` (`id`) ON DELETE CASCADE ON UPDATE CASCADE,
  ADD CONSTRAINT `fk_jenis` FOREIGN KEY (`jenis`) REFERENCES `jenis_pinjaman` (`id`) ON DELETE CASCADE ON UPDATE CASCADE,
  ADD CONSTRAINT `fk_pimpinan_peminjaman` FOREIGN KEY (`pimpinan`) REFERENCES `akun` (`nip`) ON DELETE CASCADE ON UPDATE CASCADE,
  ADD CONSTRAINT `fk_status_peminjaman` FOREIGN KEY (`status`) REFERENCES `status_transaksi` (`id`) ON DELETE CASCADE ON UPDATE CASCADE;

--
-- Constraints for table `rekening`
--
ALTER TABLE `rekening`
  ADD CONSTRAINT `fk_pemilik` FOREIGN KEY (`pemilik`) REFERENCES `akun` (`nip`) ON DELETE CASCADE ON UPDATE CASCADE;

--
-- Constraints for table `simpanan`
--
ALTER TABLE `simpanan`
  ADD CONSTRAINT `fk_jenis_simpanan` FOREIGN KEY (`jenis`) REFERENCES `jenis_simpanan` (`id`) ON DELETE CASCADE ON UPDATE CASCADE,
  ADD CONSTRAINT `fk_rekening_simpanan` FOREIGN KEY (`rekening`) REFERENCES `rekening` (`nomor`) ON DELETE CASCADE ON UPDATE CASCADE,
  ADD CONSTRAINT `fk_transaksi_simpanan` FOREIGN KEY (`id_transaksi`) REFERENCES `transaksi` (`id`) ON DELETE CASCADE ON UPDATE CASCADE;

--
-- Constraints for table `toko`
--
ALTER TABLE `toko`
  ADD CONSTRAINT `fk_peminjaman_toko` FOREIGN KEY (`id_peminjaman`) REFERENCES `peminjaman` (`id`) ON DELETE CASCADE ON UPDATE CASCADE,
  ADD CONSTRAINT `fk_toko` FOREIGN KEY (`id_transaksi`) REFERENCES `transaksi` (`id`) ON DELETE CASCADE ON UPDATE CASCADE;

--
-- Constraints for table `transaksi`
--
ALTER TABLE `transaksi`
  ADD CONSTRAINT `fk_admin_trx` FOREIGN KEY (`admin`) REFERENCES `akun` (`nip`) ON DELETE CASCADE ON UPDATE CASCADE,
  ADD CONSTRAINT `fk_penyetor` FOREIGN KEY (`penyetor`) REFERENCES `akun` (`nip`) ON DELETE CASCADE ON UPDATE CASCADE;

--
-- Constraints for table `trx_arisan`
--
ALTER TABLE `trx_arisan`
  ADD CONSTRAINT `fk_transaksi_arisan` FOREIGN KEY (`id_transaksi`) REFERENCES `transaksi` (`id`) ON DELETE CASCADE ON UPDATE CASCADE;

--
-- Constraints for table `usp`
--
ALTER TABLE `usp`
  ADD CONSTRAINT `fk_peminjaman_usp` FOREIGN KEY (`id_peminjaman`) REFERENCES `peminjaman` (`id`) ON DELETE CASCADE ON UPDATE CASCADE,
  ADD CONSTRAINT `fk_usp` FOREIGN KEY (`id_transaksi`) REFERENCES `transaksi` (`id`) ON DELETE CASCADE ON UPDATE CASCADE;
SET FOREIGN_KEY_CHECKS=1;
COMMIT;

/*!40101 SET CHARACTER_SET_CLIENT=@OLD_CHARACTER_SET_CLIENT */;
/*!40101 SET CHARACTER_SET_RESULTS=@OLD_CHARACTER_SET_RESULTS */;
/*!40101 SET COLLATION_CONNECTION=@OLD_COLLATION_CONNECTION */;
