-- phpMyAdmin SQL Dump
-- version 5.0.1
-- https://www.phpmyadmin.net/
--
-- Host: 127.0.0.1
-- Generation Time: Oct 31, 2022 at 06:33 PM
-- Server version: 10.4.11-MariaDB
-- PHP Version: 7.4.3

SET FOREIGN_KEY_CHECKS=0;
SET SQL_MODE = "NO_AUTO_VALUE_ON_ZERO";
SET AUTOCOMMIT = 0;
START TRANSACTION;
SET time_zone = "+00:00";


/*!40101 SET @OLD_CHARACTER_SET_CLIENT=@@CHARACTER_SET_CLIENT */;
/*!40101 SET @OLD_CHARACTER_SET_RESULTS=@@CHARACTER_SET_RESULTS */;
/*!40101 SET @OLD_COLLATION_CONNECTION=@@COLLATION_CONNECTION */;
/*!40101 SET NAMES utf8mb4 */;

--
-- Database: `kpri`
--

-- --------------------------------------------------------

--
-- Table structure for table `ajuan`
--

CREATE TABLE `ajuan` (
  `id` bigint(20) NOT NULL,
  `peminjam` bigint(20) NOT NULL,
  `tanggal` date NOT NULL,
  `jenis` tinyint(4) NOT NULL,
  `jumlah` bigint(20) NOT NULL,
  `diangsur` smallint(6) NOT NULL,
  `mulai` date NOT NULL,
  `penghasilan` bigint(20) NOT NULL,
  `slip` varchar(200) DEFAULT NULL,
  `status` tinyint(4) NOT NULL,
  `admin` bigint(20) DEFAULT NULL
) ENGINE=InnoDB DEFAULT CHARSET=utf8;

--
-- Dumping data for table `ajuan`
--

INSERT INTO `ajuan` (`id`, `peminjam`, `tanggal`, `jenis`, `jumlah`, `diangsur`, `mulai`, `penghasilan`, `slip`, `status`, `admin`) VALUES
(1, 22, '1979-06-03', 3, 14696373, 49, '1983-06-13', 3671723, 'http://lorempixel.com/400/300/', 3, 84),
(2, 75, '1984-03-27', 5, 26016890, 111, '1981-04-22', 2599134, 'http://lorempixel.com/400/300/', 5, 41),
(3, 23, '1993-05-20', 1, 9668746, 57, '1998-03-13', 2803783, 'http://lorempixel.com/400/300/', 1, 62),
(4, 4, '2005-08-03', 5, 48045736, 49, '1977-06-13', 3859559, 'http://lorempixel.com/400/300/', 5, 22),
(5, 16, '2012-04-30', 3, 33908039, 53, '2005-11-01', 1022988, 'http://lorempixel.com/400/300/', 1, 75),
(6, 51, '1987-05-28', 5, 44385450, 18, '2001-07-18', 2447422, 'http://lorempixel.com/400/300/', 2, 45),
(7, 95, '1984-07-05', 2, 27855255, 35, '2021-08-30', 4032614, 'http://lorempixel.com/400/300/', 2, 66),
(8, 58, '1997-02-03', 5, 6370327, 25, '1972-12-04', 1224519, 'http://lorempixel.com/400/300/', 5, 85),
(9, 32, '1998-04-05', 2, 18426874, 111, '2000-04-17', 2344541, 'http://lorempixel.com/400/300/', 4, 10),
(10, 23, '2001-02-24', 4, 37073564, 111, '2004-08-16', 3880858, 'http://lorempixel.com/400/300/', 3, 53),
(11, 71, '1980-07-08', 4, 30659312, 39, '1974-10-14', 2548061, 'http://lorempixel.com/400/300/', 1, 73),
(12, 53, '2019-11-07', 1, 321820, 120, '2003-04-26', 1073000, 'http://lorempixel.com/400/300/', 5, 71),
(13, 61, '2014-07-27', 1, 44720207, 10, '2006-01-15', 4411032, 'http://lorempixel.com/400/300/', 3, 8),
(14, 98, '1980-06-30', 5, 46725185, 102, '1982-09-29', 3158751, 'http://lorempixel.com/400/300/', 3, 93),
(15, 14, '2008-12-28', 5, 41929859, 37, '2020-02-03', 2116809, 'http://lorempixel.com/400/300/', 3, 73),
(16, 75, '1986-10-18', 3, 38597081, 89, '2004-03-07', 2309196, 'http://lorempixel.com/400/300/', 3, 10),
(17, 93, '2019-05-01', 2, 44418013, 89, '2008-03-26', 2651746, 'http://lorempixel.com/400/300/', 2, 16),
(18, 96, '2000-05-20', 4, 38794958, 6, '1974-06-19', 4985774, 'http://lorempixel.com/400/300/', 4, 63),
(19, 43, '2009-05-03', 5, 31653592, 23, '2019-04-08', 3820881, 'http://lorempixel.com/400/300/', 2, 96),
(20, 2, '1972-08-22', 2, 32127192, 62, '2021-08-07', 3082038, 'http://lorempixel.com/400/300/', 4, 62),
(21, 45, '1987-04-13', 1, 29071442, 114, '2012-03-05', 2241368, 'http://lorempixel.com/400/300/', 4, 43),
(22, 95, '1994-01-05', 2, 15470296, 119, '1999-03-09', 2143026, 'http://lorempixel.com/400/300/', 2, 7),
(23, 14, '2022-02-26', 5, 4962857, 105, '2002-04-23', 2074350, 'http://lorempixel.com/400/300/', 4, 91),
(24, 45, '1973-04-09', 2, 25038310, 8, '2018-04-01', 4557306, 'http://lorempixel.com/400/300/', 1, 30),
(25, 63, '2014-02-16', 2, 28441233, 106, '2020-11-06', 4935682, 'http://lorempixel.com/400/300/', 3, 58),
(26, 99, '2010-06-28', 2, 23757471, 113, '2018-06-28', 3537835, 'http://lorempixel.com/400/300/', 2, 41),
(27, 10, '1987-06-10', 4, 26457190, 16, '1992-06-04', 2318172, 'http://lorempixel.com/400/300/', 2, 11),
(28, 4, '1988-02-16', 1, 4444780, 92, '2021-10-31', 1767692, 'http://lorempixel.com/400/300/', 4, 49),
(29, 14, '2019-07-18', 3, 31736656, 16, '1973-04-23', 4361047, 'http://lorempixel.com/400/300/', 5, 7),
(30, 75, '2013-04-18', 2, 31551904, 35, '2010-08-30', 1524039, 'http://lorempixel.com/400/300/', 1, 93),
(31, 16, '1996-03-26', 5, 27471715, 64, '1991-01-12', 3698538, 'http://lorempixel.com/400/300/', 5, 62),
(32, 27, '2014-03-01', 5, 48641432, 56, '1986-07-25', 3685161, 'http://lorempixel.com/400/300/', 5, 96),
(33, 5, '2021-02-20', 3, 786888, 8, '1992-02-25', 1246283, 'http://lorempixel.com/400/300/', 3, 4),
(34, 75, '1991-12-11', 5, 37876152, 46, '2001-11-27', 1910485, 'http://lorempixel.com/400/300/', 3, 85),
(35, 45, '1982-08-24', 4, 22048506, 13, '1987-07-12', 1080852, 'http://lorempixel.com/400/300/', 5, 51),
(36, 84, '2007-12-10', 4, 47437153, 35, '2012-07-17', 2331378, 'http://lorempixel.com/400/300/', 5, 98),
(37, 17, '1986-06-23', 5, 7631263, 4, '2016-04-28', 4126283, 'http://lorempixel.com/400/300/', 1, 96),
(38, 10, '2008-10-12', 1, 31175339, 71, '1997-12-27', 4707132, 'http://lorempixel.com/400/300/', 5, 23),
(39, 11, '2016-08-07', 4, 873254, 45, '1990-05-27', 3263262, 'http://lorempixel.com/400/300/', 5, 45),
(40, 49, '2014-01-16', 5, 46155007, 113, '2006-07-09', 4510481, 'http://lorempixel.com/400/300/', 3, 53),
(41, 33, '2002-07-25', 5, 26786339, 51, '1978-09-08', 3266952, 'http://lorempixel.com/400/300/', 3, 11),
(42, 77, '2002-12-06', 5, 10037163, 96, '1980-06-21', 4538464, 'http://lorempixel.com/400/300/', 5, 19),
(43, 78, '1984-02-16', 5, 8893279, 29, '2005-02-20', 3658237, 'http://lorempixel.com/400/300/', 4, 62),
(44, 66, '1972-11-26', 4, 28914333, 116, '2018-06-19', 2715532, 'http://lorempixel.com/400/300/', 3, 87),
(45, 53, '1972-09-20', 4, 35833289, 49, '2013-08-12', 1011192, 'http://lorempixel.com/400/300/', 5, 62),
(46, 84, '1983-05-23', 4, 12553674, 54, '1998-04-07', 3611540, 'http://lorempixel.com/400/300/', 5, 98),
(47, 29, '1984-12-04', 5, 12458020, 67, '1984-08-24', 3825482, 'http://lorempixel.com/400/300/', 3, 82),
(48, 71, '1987-08-28', 5, 18381592, 62, '1994-12-02', 4950426, 'http://lorempixel.com/400/300/', 2, 10),
(49, 77, '1976-04-28', 5, 807680, 53, '1977-11-28', 1825154, 'http://lorempixel.com/400/300/', 2, 53),
(50, 91, '1975-01-10', 2, 38084601, 74, '2008-12-20', 4079229, 'http://lorempixel.com/400/300/', 4, 66),
(51, 16, '1973-05-28', 3, 23324015, 3, '1986-11-21', 4154436, 'http://lorempixel.com/400/300/', 2, 85),
(52, 8, '1988-03-04', 5, 15947693, 70, '1976-03-05', 3698413, 'http://lorempixel.com/400/300/', 4, 61),
(53, 54, '2011-10-07', 3, 43502956, 55, '1970-12-20', 2063418, 'http://lorempixel.com/400/300/', 2, 32),
(54, 17, '2020-08-10', 1, 10771342, 37, '1989-08-11', 3738756, 'http://lorempixel.com/400/300/', 2, 53),
(55, 99, '1989-12-13', 4, 14667468, 70, '1991-04-15', 3458846, 'http://lorempixel.com/400/300/', 2, 70),
(56, 55, '1996-01-02', 4, 27908266, 14, '1986-07-03', 1955908, 'http://lorempixel.com/400/300/', 4, 29),
(57, 54, '1987-01-20', 1, 45247840, 44, '1981-10-18', 4312893, 'http://lorempixel.com/400/300/', 5, 43),
(58, 22, '1985-03-28', 3, 45831534, 2, '1996-12-19', 2413092, 'http://lorempixel.com/400/300/', 1, 43),
(59, 2, '1976-09-29', 2, 15478932, 17, '1998-12-05', 4637363, 'http://lorempixel.com/400/300/', 2, 10),
(60, 24, '2013-11-07', 5, 2360030, 81, '1993-08-30', 3438562, 'http://lorempixel.com/400/300/', 4, 84),
(61, 52, '2014-02-12', 5, 49504317, 32, '1970-05-20', 1136975, 'http://lorempixel.com/400/300/', 2, 71),
(62, 14, '1982-06-12', 3, 17702372, 17, '1982-12-23', 4483361, 'http://lorempixel.com/400/300/', 2, 11),
(63, 27, '2005-02-05', 3, 35508025, 18, '1994-09-19', 4151877, 'http://lorempixel.com/400/300/', 5, 87),
(64, 20, '2005-09-12', 4, 31713136, 72, '2009-11-05', 4943755, 'http://lorempixel.com/400/300/', 2, 77),
(65, 62, '1981-04-03', 1, 16620950, 91, '1982-07-27', 1339117, 'http://lorempixel.com/400/300/', 2, 91),
(66, 63, '1971-07-14', 2, 42321135, 12, '1994-09-22', 2605220, 'http://lorempixel.com/400/300/', 2, 66),
(67, 70, '2019-06-11', 3, 45442271, 95, '1998-11-07', 1143177, 'http://lorempixel.com/400/300/', 4, 99),
(68, 55, '1998-11-28', 3, 38984816, 57, '2019-10-17', 4093328, 'http://lorempixel.com/400/300/', 5, 8),
(69, 51, '2002-08-31', 1, 28501097, 53, '1996-01-21', 2750570, 'http://lorempixel.com/400/300/', 5, 63),
(70, 55, '1996-12-17', 1, 49358956, 31, '1998-11-08', 2309907, 'http://lorempixel.com/400/300/', 4, 87),
(71, 62, '1971-07-31', 4, 20395397, 99, '1974-01-28', 3357490, 'http://lorempixel.com/400/300/', 4, 85),
(72, 19, '2012-01-27', 5, 18686426, 43, '2000-01-10', 3300050, 'http://lorempixel.com/400/300/', 4, 85),
(73, 2, '2017-04-26', 5, 37793459, 42, '1992-12-22', 1183145, 'http://lorempixel.com/400/300/', 4, 63),
(74, 11, '2016-08-07', 1, 18518088, 17, '1993-08-19', 2050581, 'http://lorempixel.com/400/300/', 2, 84),
(75, 62, '1976-10-28', 1, 20374882, 104, '1984-03-26', 2948450, 'http://lorempixel.com/400/300/', 5, 17),
(76, 58, '2005-03-22', 4, 21298401, 46, '1993-05-20', 4652634, 'http://lorempixel.com/400/300/', 2, 8),
(77, 62, '1998-08-13', 1, 25879300, 4, '1988-06-21', 1512701, 'http://lorempixel.com/400/300/', 4, 19),
(78, 11, '1979-07-27', 3, 8838325, 71, '1974-04-13', 1805264, 'http://lorempixel.com/400/300/', 1, 75),
(79, 10, '1981-10-26', 5, 44885479, 31, '1974-03-12', 2624606, 'http://lorempixel.com/400/300/', 3, 29),
(80, 78, '1974-04-24', 2, 21653758, 46, '2012-01-31', 1443526, 'http://lorempixel.com/400/300/', 1, 78),
(81, 5, '2008-06-01', 5, 14176552, 71, '1982-06-27', 1226083, 'http://lorempixel.com/400/300/', 3, 17),
(82, 98, '2021-10-28', 4, 924111, 73, '1979-06-22', 3215639, 'http://lorempixel.com/400/300/', 1, 58),
(83, 85, '1998-09-24', 5, 39758076, 54, '1971-01-17', 4416027, 'http://lorempixel.com/400/300/', 4, 45),
(84, 43, '2018-01-04', 1, 44009813, 108, '2012-12-25', 2970980, 'http://lorempixel.com/400/300/', 3, 7),
(85, 11, '2014-02-21', 2, 29939422, 36, '1997-01-20', 4349687, 'http://lorempixel.com/400/300/', 2, 22),
(86, 77, '1980-10-16', 2, 14173269, 116, '2017-11-16', 1698778, 'http://lorempixel.com/400/300/', 5, 91),
(87, 19, '1974-06-10', 3, 15895769, 111, '2002-03-31', 1893808, 'http://lorempixel.com/400/300/', 2, 99),
(88, 82, '1989-01-27', 3, 5161182, 91, '2000-10-16', 2548889, 'http://lorempixel.com/400/300/', 4, 87),
(89, 29, '2005-11-08', 2, 47808041, 86, '1983-08-02', 4006591, 'http://lorempixel.com/400/300/', 1, 24),
(90, 99, '1975-11-03', 1, 19943027, 33, '1970-10-02', 1218028, 'http://lorempixel.com/400/300/', 5, 84),
(91, 91, '2000-04-02', 4, 20928711, 42, '2019-04-30', 2486099, 'http://lorempixel.com/400/300/', 2, 29),
(92, 73, '1978-06-21', 5, 21238187, 9, '1997-05-24', 3938121, 'http://lorempixel.com/400/300/', 3, 85),
(93, 5, '2013-07-14', 4, 1534733, 5, '1974-12-18', 1075763, 'http://lorempixel.com/400/300/', 1, 84),
(95, 66, '1994-09-23', 5, 47889522, 99, '2005-10-14', 1604471, 'http://lorempixel.com/400/300/', 2, 49),
(96, 27, '1988-05-18', 1, 24780869, 40, '2016-08-16', 4432688, 'http://lorempixel.com/400/300/', 2, 63),
(97, 22, '2005-02-17', 2, 47156524, 55, '1970-06-05', 4861706, 'http://lorempixel.com/400/300/', 5, 22),
(98, 49, '2003-12-02', 5, 31661214, 28, '2005-09-26', 1513704, 'http://lorempixel.com/400/300/', 1, 30),
(99, 52, '1996-08-22', 2, 39247415, 51, '1977-08-30', 4161137, 'http://lorempixel.com/400/300/', 4, 20),
(100, 16, '1991-11-11', 1, 41880327, 61, '2001-07-31', 3635467, 'http://lorempixel.com/400/300/', 1, 20),
(101, 77, '1994-02-11', 1, 22367473, 99, '1981-02-24', 2826204, 'http://lorempixel.com/400/300/', 1, 84),
(102, 22, '2007-04-02', 4, 45537177, 25, '1996-03-01', 1681390, 'http://lorempixel.com/400/300/', 1, 93),
(103, 66, '2018-03-02', 2, 2152588, 29, '2011-01-09', 4277336, 'http://lorempixel.com/400/300/', 2, 99),
(104, 29, '2004-04-26', 4, 27896489, 13, '2018-05-10', 2093113, 'http://lorempixel.com/400/300/', 4, 58),
(105, 11, '2019-04-04', 3, 33094048, 48, '1997-03-22', 1770743, 'http://lorempixel.com/400/300/', 5, 61),
(106, 43, '1970-10-26', 5, 38135509, 87, '2002-04-05', 3524370, 'http://lorempixel.com/400/300/', 5, 95),
(107, 23, '1980-05-31', 4, 44558581, 24, '2008-09-19', 3779610, 'http://lorempixel.com/400/300/', 1, 43),
(108, 73, '2000-04-06', 2, 44416179, 58, '1975-05-10', 2428240, 'http://lorempixel.com/400/300/', 4, 52),
(109, 43, '1977-02-22', 4, 25865129, 30, '1980-06-12', 3648761, 'http://lorempixel.com/400/300/', 2, 70),
(110, 45, '2005-05-29', 3, 25710442, 41, '2003-06-09', 3758932, 'http://lorempixel.com/400/300/', 4, 10),
(111, 73, '2013-05-22', 5, 10361147, 35, '1991-05-24', 3582351, 'http://lorempixel.com/400/300/', 1, 7),
(112, 73, '2004-10-27', 4, 10360229, 33, '1978-10-27', 3223524, 'http://lorempixel.com/400/300/', 4, 87),
(113, 29, '1996-12-11', 3, 30047776, 76, '1993-11-22', 2623708, 'http://lorempixel.com/400/300/', 3, 75),
(114, 41, '1999-06-16', 3, 44812834, 95, '1973-07-08', 3356519, 'http://lorempixel.com/400/300/', 4, 66),
(115, 7, '2000-02-12', 5, 46646273, 52, '2005-09-14', 3469740, 'http://lorempixel.com/400/300/', 1, 82),
(116, 10, '1983-02-19', 4, 32642154, 31, '2019-07-03', 1471545, 'http://lorempixel.com/400/300/', 2, 54),
(117, 45, '1977-06-10', 4, 15230911, 2, '2017-03-09', 3639128, 'http://lorempixel.com/400/300/', 2, 93),
(118, 7, '1984-12-21', 5, 23789094, 19, '1987-10-16', 1866891, 'http://lorempixel.com/400/300/', 1, 82),
(119, 84, '2004-09-08', 1, 37878836, 78, '1985-08-12', 4612844, 'http://lorempixel.com/400/300/', 5, 55),
(120, 87, '2010-06-13', 3, 35102542, 4, '2016-06-22', 3615797, 'http://lorempixel.com/400/300/', 3, 17),
(121, 4, '1984-12-28', 5, 27914366, 60, '2014-06-30', 3754183, 'http://lorempixel.com/400/300/', 5, 45),
(122, 29, '1998-05-23', 4, 47528555, 4, '1989-03-27', 2413786, 'http://lorempixel.com/400/300/', 1, 33),
(123, 51, '1982-12-19', 2, 37858402, 58, '1979-10-12', 1272267, 'http://lorempixel.com/400/300/', 2, 61),
(124, 98, '1995-03-10', 3, 8777616, 89, '2000-01-25', 4435562, 'http://lorempixel.com/400/300/', 1, 43),
(125, 17, '2009-10-07', 2, 31005384, 74, '2015-04-22', 2572390, 'http://lorempixel.com/400/300/', 2, 23),
(126, 20, '1985-02-03', 2, 28301262, 53, '1992-07-30', 3371188, 'http://lorempixel.com/400/300/', 1, 7),
(127, 49, '2018-03-26', 5, 43878251, 74, '2015-08-08', 4725747, 'http://lorempixel.com/400/300/', 4, 29),
(128, 51, '2020-12-26', 1, 41840477, 58, '2019-03-04', 2041516, 'http://lorempixel.com/400/300/', 3, 53),
(129, 99, '1985-05-30', 3, 6302401, 25, '2005-08-13', 4165703, 'http://lorempixel.com/400/300/', 5, 27),
(130, 10, '1999-01-28', 1, 43778791, 81, '2000-09-28', 2139426, 'http://lorempixel.com/400/300/', 4, 58),
(131, 27, '1997-01-02', 5, 2447093, 114, '1998-06-07', 3054914, 'http://lorempixel.com/400/300/', 2, 24),
(132, 43, '1980-07-14', 2, 24496298, 30, '1999-04-29', 2742361, 'http://lorempixel.com/400/300/', 4, 62),
(133, 77, '1971-03-26', 1, 9256207, 66, '1974-11-13', 3216156, 'http://lorempixel.com/400/300/', 5, 2),
(134, 32, '1989-09-04', 5, 4193266, 71, '2009-06-09', 3366726, 'http://lorempixel.com/400/300/', 1, 85),
(135, 93, '2019-10-21', 4, 43629571, 81, '2019-01-27', 2479676, 'http://lorempixel.com/400/300/', 1, 33),
(136, 82, '2018-04-22', 4, 22138283, 50, '1970-02-28', 4550046, 'http://lorempixel.com/400/300/', 5, 82),
(137, 17, '2005-01-03', 5, 49377176, 115, '1970-01-05', 3035826, 'http://lorempixel.com/400/300/', 1, 24),
(138, 2, '1982-03-15', 5, 6338347, 113, '2017-05-01', 4819282, 'http://lorempixel.com/400/300/', 5, 27),
(139, 73, '2016-04-30', 1, 39656072, 11, '1970-09-30', 3833638, 'http://lorempixel.com/400/300/', 3, 16),
(140, 49, '1980-04-02', 2, 3054133, 6, '2004-01-07', 4578838, 'http://lorempixel.com/400/300/', 4, 20),
(141, 29, '2018-05-02', 4, 30123397, 102, '2020-08-14', 3294336, 'http://lorempixel.com/400/300/', 2, 71),
(142, 62, '1973-01-21', 2, 20416596, 116, '2020-07-02', 4951356, 'http://lorempixel.com/400/300/', 3, 53),
(144, 43, '2015-08-10', 5, 29252216, 21, '1998-07-30', 1051439, 'http://lorempixel.com/400/300/', 4, 61),
(145, 77, '1990-02-06', 4, 22714858, 61, '2005-10-19', 2404921, 'http://lorempixel.com/400/300/', 5, 77),
(146, 58, '2019-03-27', 4, 28366488, 85, '1985-05-21', 4897716, 'http://lorempixel.com/400/300/', 1, 29),
(147, 91, '1989-05-04', 4, 19898523, 12, '2017-03-09', 3871364, 'http://lorempixel.com/400/300/', 3, 30),
(148, 98, '1996-08-23', 2, 42182706, 59, '1972-12-07', 1734659, 'http://lorempixel.com/400/300/', 3, 27),
(149, 99, '2012-02-01', 5, 38798514, 105, '1997-08-05', 1867259, 'http://lorempixel.com/400/300/', 1, 61),
(150, 14, '1998-04-13', 3, 12745127, 56, '2006-06-06', 2534512, 'http://lorempixel.com/400/300/', 1, 17),
(151, 23, '2002-05-18', 1, 14965305, 72, '2001-09-09', 2022251, 'http://lorempixel.com/400/300/', 1, 71),
(152, 96, '2020-07-12', 4, 15569920, 55, '2016-02-15', 1287586, 'http://lorempixel.com/400/300/', 2, 73),
(153, 52, '1983-11-18', 2, 1893007, 101, '1990-01-09', 3511151, 'http://lorempixel.com/400/300/', 3, 10),
(154, 2, '1978-06-23', 3, 1814782, 70, '2014-10-03', 4502095, 'http://lorempixel.com/400/300/', 3, 91),
(155, 23, '2001-08-02', 5, 1731804, 68, '1986-08-08', 1853364, 'http://lorempixel.com/400/300/', 2, 22),
(156, 22, '2009-04-15', 5, 13828374, 12, '2020-04-24', 1580056, 'http://lorempixel.com/400/300/', 3, 20),
(157, 63, '1990-01-23', 3, 2358340, 110, '1991-04-06', 1975870, 'http://lorempixel.com/400/300/', 5, 78),
(158, 10, '1987-12-17', 5, 12917899, 4, '1979-09-23', 2578582, 'http://lorempixel.com/400/300/', 5, 33),
(159, 8, '2000-07-20', 1, 9775220, 71, '1994-01-30', 2426546, 'http://lorempixel.com/400/300/', 1, 5),
(160, 78, '1985-11-17', 3, 17596359, 84, '2002-06-29', 3727873, 'http://lorempixel.com/400/300/', 4, 24),
(161, 63, '1999-12-06', 2, 16194959, 96, '1996-06-28', 2654234, 'http://lorempixel.com/400/300/', 2, 63),
(162, 87, '1984-12-27', 5, 34173109, 56, '1999-08-08', 3208119, 'http://lorempixel.com/400/300/', 3, 14),
(163, 77, '1986-05-24', 4, 8348747, 3, '2013-05-02', 3524904, 'http://lorempixel.com/400/300/', 2, 2),
(164, 58, '1980-09-06', 5, 37711223, 33, '1988-10-20', 4775210, 'http://lorempixel.com/400/300/', 2, 20),
(165, 52, '2013-04-23', 1, 46040209, 69, '1991-01-13', 3473155, 'http://lorempixel.com/400/300/', 1, 62),
(166, 7, '1995-08-12', 1, 35222524, 34, '1974-07-18', 2726405, 'http://lorempixel.com/400/300/', 1, 16),
(167, 7, '1989-01-11', 1, 20833395, 39, '1976-04-14', 1250488, 'http://lorempixel.com/400/300/', 2, 85),
(168, 54, '2000-05-20', 5, 22494061, 25, '2001-12-21', 2589575, 'http://lorempixel.com/400/300/', 1, 19),
(169, 24, '2013-11-11', 3, 26647966, 96, '2021-03-30', 3794230, 'http://lorempixel.com/400/300/', 5, 16),
(170, 32, '2003-02-17', 2, 36767386, 12, '2004-04-19', 2011746, 'http://lorempixel.com/400/300/', 2, 14),
(171, 14, '2003-04-17', 4, 33794314, 82, '1988-08-14', 2461151, 'http://lorempixel.com/400/300/', 1, 75),
(172, 63, '1988-12-20', 2, 16229402, 73, '2010-04-01', 1660334, 'http://lorempixel.com/400/300/', 5, 14),
(173, 49, '1974-08-08', 1, 38054861, 62, '2014-01-22', 4860481, 'http://lorempixel.com/400/300/', 4, 54),
(174, 5, '2020-07-29', 5, 11098761, 10, '1984-05-10', 1941839, 'http://lorempixel.com/400/300/', 4, 11),
(175, 95, '2021-08-13', 5, 1659917, 107, '1980-10-01', 4085634, 'http://lorempixel.com/400/300/', 5, 51),
(176, 95, '1981-04-29', 1, 4497627, 59, '2000-01-14', 2199992, 'http://lorempixel.com/400/300/', 4, 20),
(177, 66, '1999-05-13', 3, 31213464, 23, '1987-07-30', 1690769, 'http://lorempixel.com/400/300/', 2, 5),
(178, 95, '2012-06-26', 4, 5368566, 11, '1974-01-28', 1184877, 'http://lorempixel.com/400/300/', 1, 8),
(179, 33, '1976-07-23', 2, 48584234, 39, '2015-01-01', 2122920, 'http://lorempixel.com/400/300/', 5, 4),
(180, 73, '2016-06-14', 5, 24133471, 37, '2014-06-14', 4324056, 'http://lorempixel.com/400/300/', 1, 19),
(181, 85, '1976-01-31', 5, 2743564, 20, '2020-05-07', 4741147, 'http://lorempixel.com/400/300/', 4, 93),
(182, 77, '1993-05-12', 3, 20710138, 99, '1999-12-06', 4339013, 'http://lorempixel.com/400/300/', 1, 71),
(183, 41, '1983-06-13', 1, 24289390, 44, '1989-10-07', 2312260, 'http://lorempixel.com/400/300/', 2, 30),
(184, 14, '2005-03-12', 5, 42859878, 34, '1987-01-09', 3028819, 'http://lorempixel.com/400/300/', 3, 84),
(185, 45, '2019-03-13', 5, 23575149, 45, '2020-06-13', 2422513, 'http://lorempixel.com/400/300/', 5, 33),
(186, 62, '1970-09-21', 1, 12352, 6, '2022-01-22', 2380847, 'http://lorempixel.com/400/300/', 3, 4),
(187, 33, '2021-01-01', 2, 12276390, 86, '2005-04-12', 4624732, 'http://lorempixel.com/400/300/', 1, 10),
(188, 14, '1997-03-03', 2, 31033368, 113, '1995-06-15', 3017208, 'http://lorempixel.com/400/300/', 2, 2),
(189, 17, '2000-03-09', 1, 46028624, 116, '2004-12-19', 3407679, 'http://lorempixel.com/400/300/', 5, 98),
(190, 54, '1977-11-01', 5, 10810816, 70, '2009-10-23', 1455718, 'http://lorempixel.com/400/300/', 4, 98),
(191, 98, '2008-05-27', 5, 30185397, 28, '2001-09-28', 2797838, 'http://lorempixel.com/400/300/', 2, 11),
(192, 78, '1981-02-14', 5, 28248502, 59, '1996-01-23', 3678410, 'http://lorempixel.com/400/300/', 5, 20),
(193, 85, '1987-02-26', 5, 27361618, 105, '2010-10-12', 4443748, 'http://lorempixel.com/400/300/', 4, 51),
(194, 85, '2006-11-08', 1, 37579430, 34, '2012-11-18', 2881944, 'http://lorempixel.com/400/300/', 3, 22),
(195, 41, '1973-01-28', 3, 2286018, 96, '1990-01-17', 4366659, 'http://lorempixel.com/400/300/', 2, 55),
(196, 78, '1991-02-24', 4, 39702113, 105, '1976-06-21', 1956724, 'http://lorempixel.com/400/300/', 3, 99),
(197, 77, '1984-05-29', 3, 3991979, 53, '2013-09-20', 3359612, 'http://lorempixel.com/400/300/', 5, 29),
(198, 45, '1977-10-23', 4, 1370431, 8, '1988-08-06', 3904756, 'http://lorempixel.com/400/300/', 2, 43),
(199, 53, '1986-08-29', 4, 7714700, 69, '1992-05-19', 3414765, 'http://lorempixel.com/400/300/', 3, 27),
(200, 53, '2008-09-22', 3, 23102153, 71, '1980-07-09', 1802070, 'http://lorempixel.com/400/300/', 3, 32),
(201, 27, '1973-01-16', 1, 36189568, 24, '2005-02-15', 1192929, 'http://lorempixel.com/400/300/', 5, 16),
(202, 22, '2014-03-08', 2, 49380644, 86, '1970-07-07', 1900493, 'http://lorempixel.com/400/300/', 3, 66),
(203, 96, '1997-03-08', 4, 5458447, 37, '2003-06-13', 1012799, 'http://lorempixel.com/400/300/', 2, 75),
(204, 49, '1985-01-18', 5, 30039716, 65, '1985-04-10', 1812553, 'http://lorempixel.com/400/300/', 4, 22),
(205, 27, '2022-03-28', 4, 48497796, 13, '1996-01-29', 2920947, 'http://lorempixel.com/400/300/', 3, 77),
(206, 30, '1986-05-28', 5, 1143239, 97, '1981-03-12', 3138989, 'http://lorempixel.com/400/300/', 1, 87),
(207, 52, '1982-02-01', 4, 4620533, 30, '2010-08-03', 3614867, 'http://lorempixel.com/400/300/', 1, 4),
(208, 22, '1997-03-21', 4, 43467371, 54, '1998-09-20', 2154980, 'http://lorempixel.com/400/300/', 3, 54),
(209, 85, '1996-04-10', 2, 5248666, 114, '1996-02-26', 3150264, 'http://lorempixel.com/400/300/', 4, 10),
(210, 63, '1997-11-25', 1, 44911144, 5, '1973-04-25', 2014953, 'http://lorempixel.com/400/300/', 4, 61),
(211, 93, '1970-12-06', 5, 43401779, 66, '2015-05-12', 2011733, 'http://lorempixel.com/400/300/', 2, 32),
(212, 82, '2002-04-17', 1, 40798805, 76, '1998-07-03', 1078784, 'http://lorempixel.com/400/300/', 4, 10),
(213, 78, '1972-10-13', 1, 22709504, 81, '2006-10-30', 4005081, 'http://lorempixel.com/400/300/', 5, 11),
(214, 7, '1998-05-03', 1, 34364186, 24, '1984-03-09', 1833877, 'http://lorempixel.com/400/300/', 5, 58),
(215, 84, '1993-08-14', 1, 38000562, 92, '1989-04-19', 2823735, 'http://lorempixel.com/400/300/', 4, 7),
(216, 85, '2017-01-17', 1, 26421598, 35, '1977-07-11', 2141505, 'http://lorempixel.com/400/300/', 4, 71),
(217, 27, '1990-11-10', 2, 49428858, 18, '1975-03-22', 4360852, 'http://lorempixel.com/400/300/', 5, 98),
(218, 49, '2014-03-11', 3, 13158120, 84, '1971-12-15', 4109015, 'http://lorempixel.com/400/300/', 3, 32),
(219, 58, '1977-11-13', 5, 21219717, 87, '1997-09-03', 1056695, 'http://lorempixel.com/400/300/', 4, 33),
(220, 99, '2014-12-22', 2, 11231020, 113, '1978-01-08', 3366907, 'http://lorempixel.com/400/300/', 3, 77),
(221, 54, '1975-12-26', 2, 30717385, 115, '1988-09-06', 3938736, 'http://lorempixel.com/400/300/', 5, 61),
(222, 49, '2015-12-27', 5, 919002, 23, '1989-02-14', 1686579, 'http://lorempixel.com/400/300/', 1, 24),
(223, 4, '1971-09-26', 5, 37139006, 55, '2009-04-04', 1452283, 'http://lorempixel.com/400/300/', 2, 91),
(224, 85, '1996-10-22', 5, 44814785, 64, '1986-03-08', 3106736, 'http://lorempixel.com/400/300/', 3, 16),
(225, 29, '1990-04-11', 3, 29941991, 44, '1974-06-14', 2865097, 'http://lorempixel.com/400/300/', 1, 78),
(226, 2, '1984-02-17', 4, 13905477, 1, '2001-05-18', 2615500, 'http://lorempixel.com/400/300/', 1, 58),
(227, 62, '2007-09-06', 5, 23457297, 104, '1989-07-18', 1165060, 'http://lorempixel.com/400/300/', 5, 62),
(228, 23, '2001-10-07', 3, 20092624, 103, '2000-10-14', 1502321, 'http://lorempixel.com/400/300/', 2, 82),
(229, 91, '2007-02-20', 2, 22190359, 47, '1997-02-09', 4086006, 'http://lorempixel.com/400/300/', 3, 30),
(230, 16, '1989-10-06', 4, 46321246, 115, '1994-11-23', 3214626, 'http://lorempixel.com/400/300/', 4, 19),
(231, 45, '2019-04-19', 1, 32099083, 28, '1973-07-03', 4291947, 'http://lorempixel.com/400/300/', 1, 27),
(232, 2, '1980-07-01', 4, 16546267, 41, '1978-05-16', 4944585, 'http://lorempixel.com/400/300/', 3, 30),
(233, 10, '1993-06-13', 4, 48393454, 19, '1991-01-07', 2852559, 'http://lorempixel.com/400/300/', 1, 10),
(234, 29, '2013-04-28', 2, 48512326, 25, '1999-04-28', 2211685, 'http://lorempixel.com/400/300/', 4, 98),
(235, 19, '1990-10-07', 4, 35911724, 84, '2019-09-23', 3407546, 'http://lorempixel.com/400/300/', 3, 51),
(236, 17, '1996-08-14', 5, 5039263, 63, '2010-10-28', 4480546, 'http://lorempixel.com/400/300/', 2, 7),
(237, 23, '1988-08-08', 4, 45606313, 34, '2018-04-18', 1399021, 'http://lorempixel.com/400/300/', 3, 45),
(238, 32, '1980-01-27', 1, 47949793, 13, '1974-11-04', 4698473, 'http://lorempixel.com/400/300/', 4, 82),
(239, 10, '1997-09-04', 4, 48701417, 54, '1997-07-30', 4310424, 'http://lorempixel.com/400/300/', 1, 10),
(240, 43, '1998-06-27', 3, 38373918, 102, '1987-02-18', 1189092, 'http://lorempixel.com/400/300/', 3, 54),
(241, 19, '1988-01-27', 4, 5163904, 75, '1971-12-25', 4552085, 'http://lorempixel.com/400/300/', 4, 53),
(242, 93, '1984-01-09', 2, 2517501, 120, '1993-10-22', 1690470, 'http://lorempixel.com/400/300/', 3, 11),
(243, 8, '1990-10-01', 1, 34966652, 96, '2010-02-02', 3778439, 'http://lorempixel.com/400/300/', 4, 23),
(244, 7, '2000-01-02', 5, 42151554, 117, '2018-09-10', 4693171, 'http://lorempixel.com/400/300/', 2, 30),
(245, 63, '1985-02-17', 4, 30593138, 105, '2011-08-27', 3113756, 'http://lorempixel.com/400/300/', 4, 2),
(246, 87, '2005-02-08', 3, 22285236, 23, '2006-12-12', 3127376, 'http://lorempixel.com/400/300/', 5, 98),
(247, 19, '2017-05-07', 5, 7363981, 111, '1984-12-11', 2397378, 'http://lorempixel.com/400/300/', 1, 63),
(248, 52, '1987-06-19', 3, 19425219, 98, '2005-12-29', 2684177, 'http://lorempixel.com/400/300/', 1, 71),
(249, 14, '1998-07-23', 5, 45516244, 88, '2010-08-09', 1299095, 'http://lorempixel.com/400/300/', 2, 7),
(250, 20, '1971-04-18', 4, 1808651, 84, '1999-11-26', 2223101, 'http://lorempixel.com/400/300/', 1, 29),
(251, 84, '1975-04-25', 5, 3166224, 73, '1978-03-13', 3207153, 'http://lorempixel.com/400/300/', 3, 93),
(252, 73, '1984-03-06', 5, 42079496, 86, '2002-10-13', 4356337, 'http://lorempixel.com/400/300/', 2, 32),
(253, 75, '1972-11-11', 1, 2894081, 68, '1989-06-04', 3590491, 'http://lorempixel.com/400/300/', 2, 61),
(254, 52, '2010-03-07', 1, 47359304, 53, '1999-04-02', 4373986, 'http://lorempixel.com/400/300/', 3, 71),
(255, 10, '1986-01-02', 4, 21733192, 33, '1977-08-30', 4164259, 'http://lorempixel.com/400/300/', 2, 62),
(256, 19, '1980-05-03', 3, 20613989, 43, '1973-02-11', 2396560, 'http://lorempixel.com/400/300/', 2, 30),
(257, 41, '1984-09-15', 3, 46432511, 112, '1982-11-21', 4002709, 'http://lorempixel.com/400/300/', 3, 62),
(259, 43, '2004-10-17', 3, 17445218, 3, '2016-05-13', 3918092, 'http://lorempixel.com/400/300/', 1, 14),
(260, 52, '1994-05-02', 2, 22036715, 18, '2011-06-02', 2982832, 'http://lorempixel.com/400/300/', 3, 22),
(261, 33, '1998-10-14', 5, 10258807, 74, '2012-12-07', 1601727, 'http://lorempixel.com/400/300/', 5, 93),
(262, 7, '1980-08-11', 3, 28443067, 41, '2016-10-02', 2937639, 'http://lorempixel.com/400/300/', 4, 17),
(263, 8, '2016-05-05', 5, 37395755, 9, '1987-06-12', 4147260, 'http://lorempixel.com/400/300/', 5, 24),
(264, 53, '2007-12-19', 1, 17138440, 21, '1973-11-23', 3467698, 'http://lorempixel.com/400/300/', 4, 95),
(265, 75, '2001-04-08', 1, 21266301, 11, '2009-12-27', 3894070, 'http://lorempixel.com/400/300/', 3, 10),
(266, 71, '1997-07-06', 3, 22899294, 1, '1975-04-03', 1958541, 'http://lorempixel.com/400/300/', 2, 14),
(267, 7, '1986-11-11', 2, 36651894, 114, '2004-10-14', 3897664, 'http://lorempixel.com/400/300/', 2, 58),
(268, 75, '2013-08-04', 5, 46597999, 8, '1980-11-28', 1212975, 'http://lorempixel.com/400/300/', 5, 14),
(269, 71, '2017-07-23', 4, 5455298, 4, '2015-08-12', 3166796, 'http://lorempixel.com/400/300/', 1, 78),
(270, 11, '2004-10-30', 4, 45003678, 21, '1970-03-29', 1717210, 'http://lorempixel.com/400/300/', 5, 20),
(271, 63, '1974-11-16', 4, 3589944, 95, '1971-03-09', 1267507, 'http://lorempixel.com/400/300/', 3, 16),
(272, 95, '2013-02-27', 1, 23035396, 51, '2011-06-26', 4951253, 'http://lorempixel.com/400/300/', 1, 66),
(273, 23, '1987-05-14', 4, 47174218, 64, '2009-06-28', 3881700, 'http://lorempixel.com/400/300/', 4, 98),
(274, 16, '2012-03-06', 1, 3447847, 116, '1976-09-29', 3674368, 'http://lorempixel.com/400/300/', 1, 22),
(275, 49, '2013-06-03', 3, 42314681, 38, '2006-12-29', 2903187, 'http://lorempixel.com/400/300/', 5, 19),
(276, 20, '1979-07-03', 4, 29776107, 114, '2018-04-25', 2957652, 'http://lorempixel.com/400/300/', 2, 96),
(277, 33, '2003-03-18', 3, 36972883, 59, '2011-02-04', 4274153, 'http://lorempixel.com/400/300/', 4, 53),
(278, 7, '1988-11-27', 4, 35681208, 15, '1970-10-18', 4204683, 'http://lorempixel.com/400/300/', 4, 73),
(279, 51, '2007-06-02', 2, 48933189, 40, '1974-08-19', 4494112, 'http://lorempixel.com/400/300/', 5, 41),
(280, 49, '2001-06-16', 5, 1377696, 88, '2007-10-14', 1707142, 'http://lorempixel.com/400/300/', 1, 75),
(281, 63, '2015-05-30', 5, 387253, 73, '2016-09-28', 2374314, 'http://lorempixel.com/400/300/', 4, 84),
(282, 95, '1975-06-26', 5, 40891124, 94, '2014-08-23', 2128668, 'http://lorempixel.com/400/300/', 1, 33),
(283, 22, '2022-03-30', 5, 13116350, 70, '1971-05-19', 4500700, 'http://lorempixel.com/400/300/', 4, 51),
(284, 61, '2016-01-24', 5, 47459926, 69, '1982-04-30', 2420735, 'http://lorempixel.com/400/300/', 3, 2),
(285, 32, '2008-06-08', 1, 1158500, 28, '2005-08-03', 4405843, 'http://lorempixel.com/400/300/', 3, 45),
(286, 91, '2016-11-15', 2, 27925580, 42, '2008-02-13', 1308272, 'http://lorempixel.com/400/300/', 1, 32),
(287, 61, '1970-05-16', 1, 20878205, 53, '1974-06-30', 4011633, 'http://lorempixel.com/400/300/', 4, 8),
(288, 5, '1984-07-27', 5, 40030594, 108, '2009-05-16', 3717171, 'http://lorempixel.com/400/300/', 5, 71),
(289, 71, '1999-03-26', 3, 39057820, 1, '1970-10-09', 2601286, 'http://lorempixel.com/400/300/', 3, 63),
(290, 33, '2006-05-05', 4, 34218180, 98, '2021-12-01', 4709392, 'http://lorempixel.com/400/300/', 1, 63),
(291, 54, '2007-08-26', 4, 8724818, 13, '2005-08-08', 3322268, 'http://lorempixel.com/400/300/', 1, 16),
(292, 58, '1985-09-15', 3, 39644643, 29, '1975-06-02', 4568297, 'http://lorempixel.com/400/300/', 1, 96),
(293, 77, '2018-05-19', 4, 42449083, 32, '1979-01-20', 2965996, 'http://lorempixel.com/400/300/', 2, 66),
(294, 5, '1988-07-23', 3, 609860, 110, '1972-03-29', 3268511, 'http://lorempixel.com/400/300/', 1, 63),
(295, 62, '2006-07-01', 5, 36240325, 70, '1981-06-27', 1491350, 'http://lorempixel.com/400/300/', 4, 70),
(296, 70, '1975-08-03', 3, 48341315, 16, '1978-08-31', 4710591, 'http://lorempixel.com/400/300/', 2, 41),
(297, 10, '2016-01-11', 5, 18599362, 5, '2017-04-08', 4116802, 'http://lorempixel.com/400/300/', 1, 51),
(298, 54, '2008-05-26', 1, 13429091, 70, '2007-07-28', 3407841, 'http://lorempixel.com/400/300/', 1, 10),
(299, 71, '1972-06-03', 2, 14742151, 15, '2000-02-04', 1185540, 'http://lorempixel.com/400/300/', 2, 27),
(300, 87, '2011-10-23', 3, 22267606, 91, '2010-09-21', 4311191, 'http://lorempixel.com/400/300/', 2, 62),
(304, 12345678, '2022-10-13', 3, 1000000, 1, '2022-10-13', 1500000, 'null', 5, 1),
(305, 1, '2022-10-13', 3, 10000000, 1, '2022-10-13', 1500000, 'null', 5, 1),
(306, 5, '2022-10-13', 1, 500000, 1, '2022-10-13', 1900000, 'null', 5, NULL),
(307, 5, '2022-10-13', 2, 2323232, 1, '2022-10-13', 22424223, 'null', 5, NULL);

-- --------------------------------------------------------

--
-- Table structure for table `akun`
--

CREATE TABLE `akun` (
  `nip` bigint(20) NOT NULL,
  `nama` varchar(50) NOT NULL,
  `sandi` varchar(30) NOT NULL,
  `kelamin` tinyint(4) NOT NULL,
  `tempat_lahir` varchar(50) NOT NULL,
  `tanggal_lahir` date NOT NULL,
  `alamat` varchar(100) NOT NULL,
  `pos` mediumint(9) NOT NULL,
  `hp` varchar(13) NOT NULL,
  `instansi` int(11) NOT NULL,
  `ktp_suami` varchar(200) DEFAULT NULL,
  `ktp_istri` varchar(200) DEFAULT NULL,
  `foto_3x4` varchar(200) NOT NULL,
  `status` tinyint(4) NOT NULL,
  `jabatan` tinyint(4) NOT NULL,
  `gabung` date NOT NULL
) ENGINE=InnoDB DEFAULT CHARSET=utf8;

--
-- Dumping data for table `akun`
--

INSERT INTO `akun` (`nip`, `nama`, `sandi`, `kelamin`, `tempat_lahir`, `tanggal_lahir`, `alamat`, `pos`, `hp`, `instansi`, `ktp_suami`, `ktp_istri`, `foto_3x4`, `status`, `jabatan`, `gabung`) VALUES
(1, 'Rama\'a', 'admin', 1, 'JEMBER', '1998-01-05', 'Bago', 69696, '81234567890', 1, '1_KTP_SUAMI.jpg', '1_KTP_ISTRI.jpg', '1_3x4.jpg', 1, 3, '2022-05-11'),
(2, 'Luz Considine', 'anggota', 1, 'Brooklynburgh', '1996-05-10', '433 Liana Meadow Apt. 127\nJessikaburgh, NE 29523', 14044, '35', 8, '2_KTP_SUAMI.jpg', '2_KTP_ISTRI.jpg', '2_3x4.jpg', 1, 1, '1984-02-15'),
(4, 'Margaret Donnelly II', 'pimpinan', 2, 'North Angelica', '2020-12-25', '6739 Harvey Ports Suite 309O\'Keefeshire, NJ 84264-5721', 51206, '90', 9, 'http://lorempixel.com/400/300/', 'http://lorempixel.com/400/300/', 'http://lorempixel.com/300/400/', 1, 2, '2009-07-22'),
(5, 'Eldon Kutch', 'user', 1, 'Sonyafurt', '1994-07-30', '9624 Sabrina Lodge Suite 590North Rivertown, WI 69134', 20446, '39', 8, 'http://lorempixel.com/400/300/', 'http://lorempixel.com/400/300/', 'http://lorempixel.com/300/400/', 2, 1, '2008-12-28'),
(7, 'Alize Funk', 'ez', 1, 'New Joesphchester', '1970-10-30', '98263 Haley GreensNicolasborough, MN 10149-9844', 24939, '56', 5, 'http://lorempixel.com/400/300/', 'http://lorempixel.com/400/300/', 'http://lorempixel.com/300/400/', 1, 1, '1998-09-28'),
(8, 'Katrina Keeling', 'molestiae', 2, 'Dayanashire', '2004-04-08', '46313 Violette Vista\nWest Roger, NJ 56501-2378', 58730, '67', 3, 'http://lorempixel.com/400/300/', 'http://lorempixel.com/400/300/', 'http://lorempixel.com/300/400/', 1, 2, '1992-02-08'),
(10, 'Hailey Armstrong II', 'facilis', 1, 'North Howard', '1998-08-31', '35149 Miller Valley\nNew Ninahaven, MS 27772-8035', 87709, '13', 4, 'http://lorempixel.com/400/300/', 'http://lorempixel.com/400/300/', 'http://lorempixel.com/300/400/', 1, 2, '1971-02-19'),
(11, 'Dr. Jerome Johnston V', 'harum', 2, 'West Joaquinton', '1999-11-17', '4006 Lowe Viaduct Suite 465\nEast Traceyborough, GA 69017-4368', 61507, '9', 2, 'http://lorempixel.com/400/300/', 'http://lorempixel.com/400/300/', 'http://lorempixel.com/300/400/', 1, 2, '2021-12-24'),
(14, 'Albertha Paucek', 'aut', 1, 'West Imelda', '1998-12-26', '24778 Lockman Fields Apt. 162\nKuvalisstad, OH 18196-2624', 31017, '74', 6, 'http://lorempixel.com/400/300/', 'http://lorempixel.com/400/300/', 'http://lorempixel.com/300/400/', 2, 2, '2014-02-04'),
(16, 'Prof. Litzy Sauer', 'id', 1, 'North Madysonborough', '1984-11-29', '5224 Melyna Mountains\nEast Johann, MT 00824-0063', 58612, '31', 10, 'http://lorempixel.com/400/300/', 'http://lorempixel.com/400/300/', 'http://lorempixel.com/300/400/', 1, 2, '1996-12-22'),
(17, 'Miss Felicity Auer Sr.', 'autem', 1, 'Leuschkeborough', '1980-04-17', '5214 Ricardo Meadow Suite 664\nBernhardbury, MS 41009-4296', 29898, '18', 1, 'http://lorempixel.com/400/300/', 'http://lorempixel.com/400/300/', 'http://lorempixel.com/300/400/', 1, 2, '2019-12-22'),
(19, 'Hunter Wiegand', 'aperiam', 2, 'Stacyland', '2000-04-14', '86703 Predovic Coves Suite 637\nSouth Danika, GA 61950', 11335, '50', 4, 'http://lorempixel.com/400/300/', 'http://lorempixel.com/400/300/', 'http://lorempixel.com/300/400/', 2, 3, '2004-09-26'),
(20, 'Dr. Theron Kirlin', 'quia', 1, 'Idellaton', '2020-09-29', '280 Daugherty Light Suite 462\nLake Clayburgh, SD 51215', 79764, '6', 1, 'http://lorempixel.com/400/300/', 'http://lorempixel.com/400/300/', 'http://lorempixel.com/300/400/', 1, 2, '2003-08-07'),
(22, 'Jaquelin Carroll', 'itaque', 2, 'South Rodview', '2011-02-24', '798 Kaylee Expressway\nLake Danykafort, CO 95757-7736', 96664, '86', 1, 'http://lorempixel.com/400/300/', 'http://lorempixel.com/400/300/', 'http://lorempixel.com/300/400/', 2, 2, '1983-01-31'),
(23, 'Fanny Schuster II', 'quia', 2, 'Margareteshire', '1993-02-16', '26735 Kale Plains\nKochhaven, MI 55794', 27216, '2', 2, 'http://lorempixel.com/400/300/', 'http://lorempixel.com/400/300/', 'http://lorempixel.com/300/400/', 2, 1, '1973-12-27'),
(24, 'Enrico Jones', 'laboriosam', 2, 'Beckerview', '2000-01-22', '58490 Roberts Lakes\nPaxtonborough, MO 05614', 20861, '76', 4, 'http://lorempixel.com/400/300/', 'http://lorempixel.com/400/300/', 'http://lorempixel.com/300/400/', 1, 1, '1984-12-16'),
(27, 'Vallie Cruickshank', 'eligendi', 2, 'Walterton', '2006-05-06', '71221 Lehner Ford\nPort Trishastad, TN 83584-4032', 11086, '83', 4, 'http://lorempixel.com/400/300/', 'http://lorempixel.com/400/300/', 'http://lorempixel.com/300/400/', 1, 2, '1985-10-27'),
(29, 'Cristal Reilly', 'possimus', 2, 'North Felipa', '1991-08-11', '4254 Hartmann Roads\nNorth Jasminmouth, SC 04209', 44801, '44', 4, 'http://lorempixel.com/400/300/', 'http://lorempixel.com/400/300/', 'http://lorempixel.com/300/400/', 2, 1, '2001-07-24'),
(30, 'Mr. Lee Flatley IV', 'velit', 1, 'North Nigelberg', '1984-04-06', '6494 Jast Place Suite 981\nCristopherport, ND 43168-1751', 24620, '37', 5, 'http://lorempixel.com/400/300/', 'http://lorempixel.com/400/300/', 'http://lorempixel.com/300/400/', 2, 2, '1980-01-27'),
(32, 'Leanna Schuppe', 'dolor', 1, 'Stiedemanntown', '2018-12-01', '998 Wolff Pass\nElzabury, DC 87199-0677', 23517, '42', 7, 'http://lorempixel.com/400/300/', 'http://lorempixel.com/400/300/', 'http://lorempixel.com/300/400/', 1, 2, '1998-11-25'),
(33, 'Roberta Kutch', 'consequuntur', 2, 'Susannaberg', '2011-08-05', '8699 Della Extension Suite 847\nLutherside, DE 67269', 51645, '26', 9, 'http://lorempixel.com/400/300/', 'http://lorempixel.com/400/300/', 'http://lorempixel.com/300/400/', 2, 3, '1988-01-25'),
(41, 'Prof. Ulices Hane Jr.', 'ut', 2, 'Gutmannbury', '2020-08-02', '738 Kiera Ferry\nFreddiehaven, NH 46970', 34914, '81', 6, 'http://lorempixel.com/400/300/', 'http://lorempixel.com/400/300/', 'http://lorempixel.com/300/400/', 1, 2, '1980-09-01'),
(43, 'Kiara Roberts', 'molestias', 2, 'Jacobifurt', '2020-05-23', '012 Destin Bridge Suite 723\nPort Tillmanberg, DE 47094-6381', 91539, '34', 2, 'http://lorempixel.com/400/300/', 'http://lorempixel.com/400/300/', 'http://lorempixel.com/300/400/', 1, 2, '1991-08-06'),
(45, 'Domenica Hodkiewicz MD', 'quo', 1, 'Jacobishire', '2004-03-25', '830 Schowalter Drive Suite 581\nSouth Jadenview, AL 05870-9823', 24089, '3', 6, 'http://lorempixel.com/400/300/', 'http://lorempixel.com/400/300/', 'http://lorempixel.com/300/400/', 2, 2, '1993-09-04'),
(49, 'Lorenza O\'Connell III', 'ad', 2, 'Bergnaummouth', '2003-09-27', '2937 Fahey Roads\nFionamouth, SD 72134-5935', 28239, '48', 9, 'http://lorempixel.com/400/300/', 'http://lorempixel.com/400/300/', 'http://lorempixel.com/300/400/', 2, 3, '2014-06-12'),
(51, 'Autumn Von', 'ut', 1, 'Goodwinberg', '2008-01-28', '007 Cole Motorway\nArmaniborough, SD 07377-4142', 2856, '40', 2, 'http://lorempixel.com/400/300/', 'http://lorempixel.com/400/300/', 'http://lorempixel.com/300/400/', 1, 2, '1994-09-24'),
(52, 'Brenna Kerluke', 'perspiciatis', 1, 'New Flavie', '1983-11-09', '647 Kallie Squares Apt. 043\nNicoletteton, WY 84980-8960', 45847, '12', 3, 'http://lorempixel.com/400/300/', 'http://lorempixel.com/400/300/', 'http://lorempixel.com/300/400/', 2, 1, '1992-06-20'),
(53, 'Mckayla Donnelly', 'minus', 1, 'West Ebbahaven', '2012-05-28', '8705 Gia Walk Apt. 600\nNorth Jarredchester, MD 31290-9537', 96664, '97', 7, 'http://lorempixel.com/400/300/', 'http://lorempixel.com/400/300/', 'http://lorempixel.com/300/400/', 1, 1, '2014-06-01'),
(54, 'Jay Windler Jr.', 'ut', 1, 'Frederickbury', '2007-03-27', '22975 Gregory Road\nPort Terrill, VT 90306-7312', 6097, '36', 6, 'http://lorempixel.com/400/300/', 'http://lorempixel.com/400/300/', 'http://lorempixel.com/300/400/', 2, 1, '1986-09-25'),
(55, 'Dr. Toy Morar IV', 'voluptas', 2, 'Harveyport', '1975-09-26', '375 Vesta Parkways\nPort Dellside, CA 95704', 86434, '21', 9, 'http://lorempixel.com/400/300/', 'http://lorempixel.com/400/300/', 'http://lorempixel.com/300/400/', 2, 1, '2009-03-22'),
(58, 'Hadley Harber', 'blanditiis', 2, 'South Gerryville', '1987-04-23', '1568 Strosin Circles\nSchmelerport, OR 08840-0337', 76948, '60', 1, 'http://lorempixel.com/400/300/', 'http://lorempixel.com/400/300/', 'http://lorempixel.com/300/400/', 1, 2, '2019-03-25'),
(61, 'Kay Grant', 'ex', 2, 'Lehnerton', '1994-07-24', '75588 Candido Gardens\nMetzbury, KY 80451-6881', 31085, '80', 7, 'http://lorempixel.com/400/300/', 'http://lorempixel.com/400/300/', 'http://lorempixel.com/300/400/', 2, 1, '1989-12-30'),
(62, 'Shaun Ziemann', 'eligendi', 1, 'South Elton', '1970-01-07', '37928 Manley Junctions Suite 867\nEast Stewartport, GA 84494-8602', 5410, '25', 6, 'http://lorempixel.com/400/300/', 'http://lorempixel.com/400/300/', 'http://lorempixel.com/300/400/', 2, 3, '2001-04-23'),
(63, 'Ms. Bulah Konopelski PhD', 'tempora', 1, 'Lake Macyport', '2005-09-04', '5061 Madilyn Manor\nPort Carletonshire, VA 47732-1668', 63586, '15', 8, 'http://lorempixel.com/400/300/', 'http://lorempixel.com/400/300/', 'http://lorempixel.com/300/400/', 2, 3, '2017-10-31'),
(66, 'Dr. Alivia Larson', 'dolore', 2, 'New Art', '1983-06-04', '0316 Reichert Drive\nNew Elmiraton, ND 62803-8383', 33170, '94', 3, 'http://lorempixel.com/400/300/', 'http://lorempixel.com/400/300/', 'http://lorempixel.com/300/400/', 1, 1, '2012-03-11'),
(70, 'Mr. Floy Larson PhD', 'voluptatem', 1, 'Port Mathias', '2018-06-20', '63479 Lulu Cliff\nSouth Isaiah, ND 13539-7539', 28951, '92', 8, 'http://lorempixel.com/400/300/', 'http://lorempixel.com/400/300/', 'http://lorempixel.com/300/400/', 2, 2, '2019-02-12'),
(71, 'Turner Erdman III', 'architecto', 1, 'Lake Gildafort', '2013-11-02', '1836 Goyette Glen Suite 491\nPort Mandyberg, VA 09529-0137', 21234, '64', 10, 'http://lorempixel.com/400/300/', 'http://lorempixel.com/400/300/', 'http://lorempixel.com/300/400/', 1, 3, '1982-06-11'),
(73, 'Mayra Simonis MD', 'neque', 2, 'Funkland', '2003-07-24', '359 Eula Rapid Suite 432\nSouth Sabrina, SC 71738', 47571, '100', 7, 'http://lorempixel.com/400/300/', 'http://lorempixel.com/400/300/', 'http://lorempixel.com/300/400/', 1, 1, '1999-07-03'),
(75, 'Alvena Zboncak', 'eum', 2, 'Kunzeside', '1991-01-17', '42573 Royal Tunnel\nCarrollshire, AK 43678', 17000, '69', 3, 'http://lorempixel.com/400/300/', 'http://lorempixel.com/400/300/', 'http://lorempixel.com/300/400/', 1, 1, '1976-05-15'),
(77, 'Dr. Angus Beatty', 'veniam', 2, 'Crookschester', '2007-05-01', '31907 Roderick Trail\nO\'Connellton, NV 51067', 10017, '68', 4, 'http://lorempixel.com/400/300/', 'http://lorempixel.com/400/300/', 'http://lorempixel.com/300/400/', 2, 3, '2015-03-13'),
(78, 'Greg Jakubowski Sr.', 'aperiam', 2, 'Armanistad', '2001-07-13', '98144 Freeman Creek\nStoltenbergton, MD 92315', 60369, '38', 2, 'http://lorempixel.com/400/300/', 'http://lorempixel.com/400/300/', 'http://lorempixel.com/300/400/', 2, 1, '2019-01-04'),
(82, 'Prof. Schuyler Satterfield I', 'corporis', 2, 'Dawsonview', '1972-08-04', '6222 Berta Camp Apt. 103\nCorwinshire, MD 41618', 1140, '57', 1, 'http://lorempixel.com/400/300/', 'http://lorempixel.com/400/300/', 'http://lorempixel.com/300/400/', 1, 2, '2000-04-17'),
(84, 'Camylle Kuphal', 'quis', 2, 'Albinafurt', '1989-11-21', '6829 Eddie Creek Suite 146Port Christopher, OH 22271-6382', 16725, '47', 8, 'http://lorempixel.com/400/300/', 'http://lorempixel.com/400/300/', 'http://lorempixel.com/300/400/', 1, 3, '1995-06-27'),
(85, 'Destiny Sporer', 'distinctio', 1, 'Kubside', '1974-08-04', '649 Schultz Port Suite 747\nMillerborough, TN 30643-0040', 46670, '88', 4, 'http://lorempixel.com/400/300/', 'http://lorempixel.com/400/300/', 'http://lorempixel.com/300/400/', 1, 1, '2003-03-28'),
(87, 'Donna Anderson III', 'quaerat', 1, 'Harrisstad', '1979-08-28', '899 Fleta Mountains Apt. 363\nBlanchechester, DE 66622', 15801, '46', 5, 'http://lorempixel.com/400/300/', 'http://lorempixel.com/400/300/', 'http://lorempixel.com/300/400/', 1, 1, '2021-12-29'),
(91, 'Sally Sporer', 'repellat', 2, 'Donnyberg', '2012-02-05', '302 Jeromy Island\nWest Lyla, WA 35109-6059', 93285, '89', 4, 'http://lorempixel.com/400/300/', 'http://lorempixel.com/400/300/', 'http://lorempixel.com/300/400/', 2, 3, '2013-02-03'),
(93, 'Miss Malvina Dibbert', 'ut', 1, 'Kautzerberg', '2019-12-02', '534 Isom Falls\nPort Domenico, WV 16601', 23711, '65', 9, 'http://lorempixel.com/400/300/', 'http://lorempixel.com/400/300/', 'http://lorempixel.com/300/400/', 1, 2, '1974-02-07'),
(95, 'Abigayle Steuber', 'architecto', 1, 'Jorgeburgh', '2017-05-12', '1092 Block Junctions Suite 224\nSouth Imeldaville, ME 26388-2504', 74007, '59', 6, 'http://lorempixel.com/400/300/', 'http://lorempixel.com/400/300/', 'http://lorempixel.com/300/400/', 2, 1, '1995-08-11'),
(96, 'Destinee Skiles V', 'ipsum', 2, 'Kreigerhaven', '1984-01-08', '5955 Wolf Freeway Apt. 314\nPort Mortimerborough, VT 29022', 55417, '79', 1, 'http://lorempixel.com/400/300/', 'http://lorempixel.com/400/300/', 'http://lorempixel.com/300/400/', 2, 3, '1991-07-18'),
(98, 'Oswald Dooley DVM', 'qui', 2, 'Margarettaton', '2004-09-28', '57900 Kathryne Pine Suite 294\nKarleystad, OH 97393-0103', 71567, '72', 4, 'http://lorempixel.com/400/300/', 'http://lorempixel.com/400/300/', 'http://lorempixel.com/300/400/', 1, 2, '1984-11-22'),
(99, 'Mr. Rahul Weissnat', 'consequatur', 1, 'Lake Kade', '1977-10-08', '78883 Stiedemann Forges Suite 365\nSchillerburgh, DE 86034', 5337, '28', 2, 'http://lorempixel.com/400/300/', 'http://lorempixel.com/400/300/', 'http://lorempixel.com/300/400/', 1, 1, '1980-02-24'),
(123456, 'poseidon', '25', 1, 'JEMBER', '1998-05-10', 'Jl Kartika Gg III Dauh Puri Denpasar Barat', 80112, '82144786352', 13, '123456_KTP_SUAMI.jpg', '123456_KTP_ISTRI.jpg', '123456_3x4.jpg', 2, 3, '2022-10-13'),
(12345678, 'ramadhan', '25', 1, 'JEMBER', '1998-01-05', 'Jl Kartika Gg III Dauh Puri Denpasar Barat', 80112, '082144786352', 13, '12345678_KTP_SUAMI.jpg', '12345678_KTP_ISTRI.jpg', '12345678_3x4.jpg', 1, 1, '2022-10-13');

-- --------------------------------------------------------

--
-- Table structure for table `arisan`
--

CREATE TABLE `arisan` (
  `id` bigint(20) NOT NULL,
  `bulan` date NOT NULL,
  `saldo` bigint(20) NOT NULL,
  `pemenang` bigint(20) DEFAULT NULL,
  `admin` bigint(20) DEFAULT NULL
) ENGINE=InnoDB DEFAULT CHARSET=utf8;

--
-- Dumping data for table `arisan`
--

INSERT INTO `arisan` (`id`, `bulan`, `saldo`, `pemenang`, `admin`) VALUES
(1, '1972-03-06', 61640387, 96, 70),
(2, '1996-04-04', 16689472, 5, 87),
(3, '1999-03-19', 92398161, 7, 78),
(4, '2013-07-03', 25969836, 41, 17),
(5, '1986-10-04', 5557313, 41, 11),
(6, '1988-01-12', 26711795, 75, 58),
(7, '2019-07-02', 1716761, 75, 7),
(8, '1979-03-14', 48537446, 66, 51),
(9, '1978-05-25', 20767188, 63, 52),
(10, '2006-10-02', 45743777, 66, 45),
(11, '2015-09-04', 22357349, 77, 98),
(12, '1988-10-26', 18806736, 52, 22),
(13, '2007-12-28', 7304156, 70, 33),
(14, '1997-12-19', 39491657, 77, 7),
(15, '2019-05-06', 87861637, 51, 54),
(16, '2012-10-20', 23294731, 4, 43),
(17, '2003-12-12', 86009623, 22, 7),
(18, '1985-05-27', 33007088, 27, 29),
(19, '1987-06-27', 64715583, 85, 71),
(20, '2015-01-22', 73585644, 52, 23),
(21, '1994-06-22', 43049139, 85, 23),
(22, '2018-01-02', 93389966, 87, 58),
(23, '1974-09-29', 4292852, 29, 54),
(24, '2022-02-18', 88113436, 7, 99),
(25, '1991-06-14', 11980954, 5, 75),
(26, '1977-08-04', 16580163, 43, 82),
(27, '1971-08-14', 47690927, 73, 96),
(28, '2011-01-22', 78613226, 5, 43),
(29, '1983-07-02', 45537753, 30, 84),
(30, '1992-02-22', 36330192, 51, 84),
(31, '1989-10-27', 36068878, 33, 52),
(32, '1985-02-09', 16250253, 22, 63),
(33, '2006-08-25', 85397553, 58, 55),
(34, '2004-05-28', 59389209, 98, 45),
(35, '1996-11-19', 22009065, 23, 51),
(36, '2006-06-06', 77320077, 71, 10),
(37, '2017-05-08', 77853187, 77, 55),
(38, '1997-10-08', 53631337, 71, 10),
(39, '2010-06-08', 90769556, 10, 78),
(40, '2020-02-14', 61196344, 8, 16),
(41, '2020-12-07', 85175190, 54, 53),
(42, '1998-12-23', 26723366, 98, 23),
(43, '2002-07-16', 63591127, 51, 4),
(44, '2000-01-19', 63086278, 70, 84),
(45, '1984-04-14', 82537008, 87, 16),
(46, '2010-01-25', 27647757, 66, 22),
(47, '2001-03-26', 88831268, 70, 95),
(48, '1996-11-19', 51475637, 93, 23),
(49, '1984-10-19', 21410861, 51, 87),
(50, '1994-12-05', 70864143, 71, 77);

-- --------------------------------------------------------

--
-- Table structure for table `bke`
--

CREATE TABLE `bke` (
  `id` bigint(20) NOT NULL,
  `id_transaksi` bigint(20) NOT NULL,
  `id_peminjaman` bigint(20) NOT NULL,
  `ke` smallint(6) NOT NULL,
  `pokok` bigint(20) NOT NULL,
  `jasa` bigint(20) NOT NULL,
  `keterangan` varchar(100) DEFAULT NULL
) ENGINE=InnoDB DEFAULT CHARSET=utf8;

--
-- Dumping data for table `bke`
--

INSERT INTO `bke` (`id`, `id_transaksi`, `id_peminjaman`, `ke`, `pokok`, `jasa`, `keterangan`) VALUES
(1, 251, 113, 48, 37485395, 516640, ''),
(2, 9, 55, 628, 35652364, 53553, ''),
(3, 9, 98, 420, 15218126, 113252, 'Enim eum non perspiciatis sit aut. Et nobis odit qui harum.'),
(4, 269, 65, 340, 34649975, 543480, ''),
(5, 293, 70, 265, 18098670, 667279, 'Expedita excepturi sed consequatur repellat iusto rerum velit. Ratione aspernatur odio enim pariatur'),
(6, 149, 66, 875, 6265818, 606069, ''),
(7, 269, 103, 31, 36499696, 675090, 'Sit mollitia nihil voluptatem doloribus aut similique repudiandae. Minus necessitatibus consequuntur'),
(8, 101, 11, 868, 33100470, 245343, 'Reprehenderit ratione assumenda quae et temporibus magni porro. Nemo itaque in sed occaecati et exce'),
(9, 121, 80, 695, 34269299, 432704, ''),
(10, 156, 173, 621, 2191909, 668545, 'Et quibusdam itaque dolores vel dolores sequi. Dolorum nihil cupiditate quibusdam et.'),
(11, 196, 166, 310, 38433433, 856936, ''),
(12, 253, 29, 529, 48179536, 565737, ''),
(13, 97, 8, 435, 21432408, 223897, ''),
(14, 223, 199, 45, 43110559, 545610, ''),
(15, 205, 58, 149, 22407016, 196180, ''),
(16, 56, 104, 200, 8795021, 159643, 'Aut vel ratione saepe perferendis quo minus. Hic corporis voluptatem voluptas quod perspiciatis nemo'),
(17, 254, 43, 242, 26319997, 143716, 'Tempore deleniti sed fuga voluptatem dolor. Doloremque ut qui optio provident asperiores. Aliquam et'),
(18, 238, 175, 247, 26068674, 240474, ''),
(19, 211, 138, 197, 42942578, 615121, 'Error autem ipsa dolore ratione cumque natus eos. Qui iste earum qui qui. Dolor est vero ut deleniti'),
(20, 59, 135, 54, 20241671, 129929, ''),
(21, 10, 138, 19, 8133815, 70042, 'Repudiandae odit corrupti odio nemo voluptas nesciunt animi. Quo ut debitis quidem voluptas. Incidun'),
(22, 1, 186, 43, 47045378, 782025, ''),
(23, 61, 68, 186, 42857228, 766224, ''),
(24, 294, 121, 140, 1401503, 235737, ''),
(25, 221, 100, 369, 8772615, 254169, ''),
(26, 140, 78, 764, 36851208, 74725, 'Facere ratione harum eos provident consequuntur. Quisquam quasi officiis aut quia natus voluptate mo'),
(27, 97, 62, 678, 3330583, 180707, ''),
(28, 159, 129, 544, 4087100, 578196, 'Perferendis voluptate ea rerum omnis. Tempora quo ut id velit. Quos vel adipisci iste suscipit repel'),
(29, 104, 55, 265, 10204343, 989554, ''),
(30, 192, 6, 127, 44962162, 820105, '');

-- --------------------------------------------------------

--
-- Table structure for table `ekstra`
--

CREATE TABLE `ekstra` (
  `id` bigint(20) NOT NULL,
  `id_transaksi` bigint(20) NOT NULL,
  `id_peminjaman` bigint(20) NOT NULL,
  `ke` smallint(6) NOT NULL,
  `pokok` bigint(20) NOT NULL,
  `jasa` bigint(20) NOT NULL,
  `keterangan` varchar(100) DEFAULT NULL
) ENGINE=InnoDB DEFAULT CHARSET=utf8;

--
-- Dumping data for table `ekstra`
--

INSERT INTO `ekstra` (`id`, `id_transaksi`, `id_peminjaman`, `ke`, `pokok`, `jasa`, `keterangan`) VALUES
(1, 241, 41, 402, 1498829, 579965, 'Sint iure rem maxime laboriosam. Aut eos nam aut repellendus laboriosam iste. Voluptas porro sed ali'),
(2, 273, 4, 71, 42187343, 176331, 'Et quisquam blanditiis vero fugiat nesciunt harum. Quibusdam corporis maxime eum eos. Ut et porro et'),
(3, 6, 50, 996, 49072606, 656489, ''),
(4, 51, 48, 190, 24171253, 248240, ''),
(5, 95, 13, 498, 33174833, 752197, ''),
(6, 61, 124, 839, 45322845, 486719, 'Qui voluptatem animi maiores eum qui quisquam molestiae. Occaecati est quos illo tenetur beatae nam.'),
(7, 243, 176, 399, 49842377, 424656, 'Expedita occaecati repellat dolores non. Officia adipisci rerum temporibus cupiditate. Et dicta volu'),
(8, 184, 95, 317, 20518977, 226419, 'Quidem totam minus officia officiis ea dolor. Iste tempore ut sed nulla necessitatibus aut.'),
(9, 170, 8, 674, 28860479, 985776, 'Dignissimos natus quia rerum ipsum molestiae. Quos ea ipsum possimus molestiae.'),
(10, 231, 63, 127, 37173911, 415214, ''),
(11, 147, 62, 481, 15211024, 637065, 'Facere qui voluptas nulla. Atque distinctio et est aperiam rerum magni. Vitae animi a voluptatum sin'),
(12, 178, 37, 737, 23026988, 676882, ''),
(13, 280, 185, 838, 46254019, 590371, 'Aut quidem et ducimus. Ea illo sed consectetur saepe et vel. Aspernatur est exercitationem quos mole'),
(14, 189, 174, 194, 23624827, 35789, ''),
(15, 235, 22, 82, 43850699, 515217, 'Enim deleniti corrupti eos neque eveniet consequatur a. Et eligendi enim quia est. Est officia et ea'),
(16, 30, 117, 367, 40510547, 300349, ''),
(17, 92, 2, 961, 34457837, 370489, ''),
(18, 180, 65, 976, 49101110, 650739, ''),
(19, 78, 153, 461, 43596383, 322504, 'Animi delectus eius labore accusantium ipsum voluptatem. Distinctio voluptate totam iure atque est i'),
(20, 168, 115, 738, 21951778, 671284, ''),
(21, 248, 153, 929, 11839917, 964859, ''),
(22, 58, 127, 660, 47456141, 752858, ''),
(23, 193, 161, 95, 1264539, 656533, ''),
(24, 32, 42, 731, 27450805, 519347, ''),
(25, 252, 176, 776, 29833150, 4486, 'Sint illo mollitia voluptates aliquid ratione laboriosam. Voluptatem illum expedita quia aperiam qui'),
(26, 156, 66, 482, 44276366, 281738, 'Eos voluptate amet rem omnis praesentium rerum ut. Placeat nisi magni corporis asperiores et. Ut ips'),
(27, 56, 22, 267, 28569566, 558325, 'Ducimus doloremque vero expedita saepe molestias laboriosam animi repudiandae. Id inventore tenetur '),
(28, 153, 24, 755, 11746920, 607787, 'Aut alias impedit quod dolorem maiores sit. Molestiae ratione animi vel. Esse repellat soluta suscip'),
(29, 11, 28, 388, 18832525, 456702, ''),
(30, 295, 163, 192, 46204072, 128217, 'Totam omnis repudiandae ut cum fugiat. Exercitationem voluptatibus beatae velit quisquam accusantium');

-- --------------------------------------------------------

--
-- Table structure for table `haji`
--

CREATE TABLE `haji` (
  `id` bigint(20) NOT NULL,
  `id_transaksi` bigint(20) NOT NULL,
  `id_peminjaman` bigint(20) NOT NULL,
  `ke` smallint(6) NOT NULL,
  `pokok` bigint(20) NOT NULL,
  `jasa` bigint(20) NOT NULL,
  `keterangan` varchar(100) DEFAULT NULL
) ENGINE=InnoDB DEFAULT CHARSET=utf8;

--
-- Dumping data for table `haji`
--

INSERT INTO `haji` (`id`, `id_transaksi`, `id_peminjaman`, `ke`, `pokok`, `jasa`, `keterangan`) VALUES
(1, 230, 25, 232, 52077, 809387, ''),
(2, 220, 168, 794, 29081378, 173147, ''),
(3, 184, 176, 249, 8272502, 617315, 'Maxime ea nam voluptatem quia est minus. Voluptatem eligendi quam tempora repudiandae. Repudiandae s'),
(4, 128, 184, 160, 13411159, 620259, 'Voluptatibus accusamus voluptatum aut. Accusantium dolores unde ea in doloribus id ut. Vel ut in ven'),
(5, 214, 152, 69, 46088690, 629596, 'Numquam error rerum velit cumque. Blanditiis nemo neque aliquid sit tempora aperiam consequuntur fac'),
(6, 267, 97, 602, 24731242, 75123, ''),
(7, 23, 82, 874, 17820017, 39130, ''),
(8, 33, 171, 233, 26115420, 642490, ''),
(9, 80, 107, 400, 39363587, 32581, 'Facilis enim cumque totam dolore expedita nostrum qui. Ea cupiditate dicta doloremque vel ut. Est co'),
(10, 183, 175, 920, 44486222, 43618, 'Odio nam deserunt aut vitae. Quaerat tenetur est expedita eaque est iusto. Consequatur dolorem earum'),
(11, 281, 199, 503, 48496531, 740842, ''),
(12, 143, 66, 954, 2987117, 280885, 'Qui animi voluptatum quia dicta. Eius laborum qui omnis et ratione aut molestiae dolores. Minima ad '),
(13, 21, 49, 495, 37982404, 115363, ''),
(14, 128, 156, 544, 1305898, 361849, 'Velit autem sit sit nihil ut aut. Accusamus provident quo id tenetur. Quidem sint consequatur aperia'),
(15, 154, 14, 21, 5677133, 665448, ''),
(16, 176, 56, 846, 33883102, 536651, ''),
(17, 58, 63, 94, 36881804, 505372, ''),
(18, 34, 161, 159, 39847177, 689916, 'Rerum ex reprehenderit ullam harum. Laudantium quia hic accusantium dignissimos quos vero. Commodi q'),
(19, 59, 108, 988, 38033707, 660913, ''),
(20, 215, 182, 292, 32187421, 641776, ''),
(21, 89, 121, 584, 46757325, 111654, ''),
(22, 117, 74, 243, 23429353, 203198, ''),
(23, 4, 100, 888, 25485495, 44817, 'Necessitatibus optio ad nisi veniam non cumque. Soluta quo aut cumque cupiditate inventore quaerat t'),
(24, 67, 56, 238, 37195391, 683410, ''),
(25, 9, 166, 641, 15397630, 209422, 'Culpa eos eum odit vel sed. Atque a deleniti aliquid harum asperiores. Nihil doloremque dolorem reru'),
(26, 44, 193, 25, 8758171, 375651, ''),
(27, 247, 125, 828, 22088146, 536948, 'Error doloremque ratione veniam. Omnis est quisquam consequatur quia neque optio accusantium nihil. '),
(28, 87, 179, 497, 30801589, 44702, ''),
(29, 261, 143, 130, 12305892, 894196, 'Placeat sunt id et non illum. Ut ut sunt omnis odit. Sed dolorem architecto quia delectus nesciunt s'),
(30, 201, 76, 362, 18174428, 77231, 'Nihil ex eum et enim inventore voluptatum velit velit. Quia quia occaecati expedita suscipit. Velit ');

-- --------------------------------------------------------

--
-- Table structure for table `instansi`
--

CREATE TABLE `instansi` (
  `id` int(11) NOT NULL,
  `instansi` varchar(100) NOT NULL,
  `alamat` varchar(200) NOT NULL
) ENGINE=InnoDB DEFAULT CHARSET=utf8;

--
-- Dumping data for table `instansi`
--

INSERT INTO `instansi` (`id`, `instansi`, `alamat`) VALUES
(1, 'Reinger-Crist', '98331 Burdette Loop Suite 416\nLake Gailville, RI 66194'),
(2, 'Koch, Jacobson and Blanda', '278 Golda Radial\nDomingoborough, VA 84673'),
(3, 'Batz and Sons', '02070 Crooks Valleys Apt. 275\nSouth Woodrow, HI 25033'),
(4, 'Botsford, Windler and Kautzer', '68984 Paucek Mall Apt. 543\nNew Chelsey, SC 91949'),
(5, 'McGlynn LLC', '525 Deja Extension\nPriscillamouth, MS 84710-4419'),
(6, 'Boehm-Quitzon', '156 Jeffery Harbors\nSmithville, MT 07178-1583'),
(7, 'Connelly, Kuhlman and Halvorson', '0930 Mayer Fork Apt. 575\nLake Joshua, OK 50593-3148'),
(8, 'Jenkins-Padberg', '89560 Hartmann Mews Suite 821\nCummeratabury, KY 45643-9766'),
(9, 'Schmidt-Hoeger', '20534 Kessler Dale\nGibsonport, IL 77024'),
(10, 'Heller, Wisozk and Dickinson', '5371 Lind Dale Apt. 666\nNorth Owenburgh, ID 27149'),
(13, 'SMAWON', 'jember');

-- --------------------------------------------------------

--
-- Table structure for table `jabatan`
--

CREATE TABLE `jabatan` (
  `id` tinyint(4) NOT NULL,
  `jabatan` varchar(30) NOT NULL
) ENGINE=InnoDB DEFAULT CHARSET=utf8;

--
-- Dumping data for table `jabatan`
--

INSERT INTO `jabatan` (`id`, `jabatan`) VALUES
(1, 'Anggota'),
(2, 'Pimpinan'),
(3, 'Admin');

-- --------------------------------------------------------

--
-- Table structure for table `jenis_pinjaman`
--

CREATE TABLE `jenis_pinjaman` (
  `id` tinyint(4) NOT NULL,
  `jenis` varchar(30) NOT NULL
) ENGINE=InnoDB DEFAULT CHARSET=utf8;

--
-- Dumping data for table `jenis_pinjaman`
--

INSERT INTO `jenis_pinjaman` (`id`, `jenis`) VALUES
(1, 'BKE'),
(2, 'Haji'),
(3, 'Ekstra'),
(4, 'Toko'),
(5, 'USP');

-- --------------------------------------------------------

--
-- Table structure for table `jenis_simpanan`
--

CREATE TABLE `jenis_simpanan` (
  `id` tinyint(4) NOT NULL,
  `jenis` varchar(100) NOT NULL
) ENGINE=InnoDB DEFAULT CHARSET=utf8;

--
-- Dumping data for table `jenis_simpanan`
--

INSERT INTO `jenis_simpanan` (`id`, `jenis`) VALUES
(1, 'SR'),
(2, 'SW'),
(3, 'SP'),
(4, 'TAB');

-- --------------------------------------------------------

--
-- Table structure for table `kelamin`
--

CREATE TABLE `kelamin` (
  `id` tinyint(4) NOT NULL,
  `kelamin` varchar(20) NOT NULL
) ENGINE=InnoDB DEFAULT CHARSET=utf8;

--
-- Dumping data for table `kelamin`
--

INSERT INTO `kelamin` (`id`, `kelamin`) VALUES
(1, 'Pria'),
(2, 'Wanita');

-- --------------------------------------------------------

--
-- Table structure for table `master`
--

CREATE TABLE `master` (
  `sp` bigint(20) DEFAULT NULL,
  `sw` bigint(20) DEFAULT NULL,
  `tab` bigint(20) DEFAULT NULL,
  `sr` bigint(20) DEFAULT NULL,
  `kas` bigint(20) DEFAULT NULL,
  `tanggal` date DEFAULT NULL
) ENGINE=InnoDB DEFAULT CHARSET=utf8;

--
-- Dumping data for table `master`
--

INSERT INTO `master` (`sp`, `sw`, `tab`, `sr`, `kas`, `tanggal`) VALUES
(80774738, 89141039, 28193250, 18051408, 6454459, '2017-09-05'),
(61463838, 1620264, 78859158, 43128857, 1741821, '2000-02-24'),
(17728708, 57714554, 33458000, 93703476, 93163109, '1988-08-22'),
(61446593, 77726678, 75179625, 16886989, 99984852, '2014-12-20'),
(46007367, 20384793, 25200594, 40235851, 36174689, '2011-12-09'),
(83537929, 10583710, 63866503, 41117218, 10786696, '1979-11-11'),
(80859094, 79992456, 90456729, 82573805, 12397363, '2018-07-23'),
(14045142, 75353637, 70081007, 57360239, 98306053, '1997-03-16'),
(55027534, 83646719, 20924019, 39801400, 94856311, '2012-01-14'),
(31651836, 29939291, 95448233, 62725332, 27680153, '2006-11-26'),
(70559205, 36852186, 33269491, 14215429, 99691116, '2002-12-17'),
(10224480, 18224635, 87739072, 98769370, 12566127, '1992-03-27'),
(1005841, 91359234, 84960381, 10483413, 74802751, '2021-03-17'),
(90147459, 48319635, 61089824, 42961395, 77472592, '1971-05-27'),
(37456150, 29392125, 87838404, 27699507, 1120458, '1987-09-11'),
(72979686, 19490410, 46900190, 7013992, 60185736, '2017-11-09'),
(30567249, 9603900, 5083585, 39811438, 8379858, '1986-03-22'),
(55579485, 60871911, 39673541, 84460340, 70876422, '2010-09-06'),
(69974281, 96062569, 28881398, 21030500, 55301192, '1981-09-07'),
(39407707, 65791246, 87175917, 18966540, 9085418, '1997-11-25'),
(96419247, 55297163, 63809358, 49625576, 69215029, '1983-07-13'),
(11877659, 97495548, 53392632, 58481591, 94413587, '1997-12-06'),
(3671541, 23916642, 52512894, 6117237, 95286948, '1980-11-20'),
(77390026, 44732070, 83580630, 28945616, 92327384, '1995-01-25'),
(16614190, 59847163, 7518662, 63352752, 49022491, '1971-03-31'),
(25819687, 5772393, 56084617, 51145780, 47248233, '2014-10-17'),
(83067546, 5042579, 20096105, 68340899, 2066944, '2006-10-22'),
(78387194, 24404191, 40170945, 40482530, 41432401, '1995-04-05'),
(64605701, 20962691, 788674, 24969786, 65664887, '1996-12-11'),
(2545349, 19267071, 5861564, 74840307, 4571336, '1982-01-05'),
(78845412, 12045028, 33720236, 82825307, 71891930, '1980-07-13'),
(19541537, 81100469, 62114154, 24063664, 22739762, '1996-10-06'),
(15817197, 11664998, 39896740, 2057848, 24397904, '2015-01-24'),
(87994937, 78132359, 70724108, 56841271, 73767849, '1992-06-26'),
(9857110, 16445670, 38000796, 75222641, 52654114, '2002-06-14'),
(95205560, 12607474, 58085001, 3174927, 35016734, '2015-02-04'),
(86022511, 22147936, 53634598, 52146360, 47318341, '1973-01-25'),
(87293847, 74857604, 28678005, 24675629, 57318159, '1995-08-08'),
(90794510, 63965502, 71507573, 67973436, 11697553, '1994-11-20'),
(9287596, 25272624, 4826877, 35136109, 62322935, '1973-02-10'),
(35192972, 25319839, 49222141, 62708776, 81593914, '2009-09-05'),
(46451454, 6229928, 26292650, 78269313, 40344818, '2008-11-22'),
(35805834, 43193262, 59813840, 401260, 59167681, '1982-04-02'),
(95995922, 18542114, 68716200, 23848080, 66908021, '1975-10-29'),
(57028554, 81625598, 11502707, 78096500, 89549745, '1990-05-31'),
(30503250, 93924022, 28519327, 9287745, 98554555, '2010-04-02'),
(35059733, 27318360, 64196646, 7707033, 61220714, '1979-04-12'),
(3725538, 56028887, 10721958, 85980941, 22789482, '2016-10-20'),
(39981935, 88690589, 67990633, 59876561, 24957422, '1993-09-13'),
(89588713, 46504055, 25325148, 26458055, 81404407, '1997-09-18');

-- --------------------------------------------------------

--
-- Table structure for table `peminjaman`
--

CREATE TABLE `peminjaman` (
  `id` bigint(20) NOT NULL,
  `id_ajuan` bigint(20) NOT NULL,
  `jenis` tinyint(4) NOT NULL,
  `jumlah` bigint(20) NOT NULL,
  `jasa` bigint(20) NOT NULL,
  `diangsur` smallint(6) NOT NULL,
  `angsuran` bigint(20) NOT NULL,
  `potongan` bigint(20) NOT NULL,
  `asuransi` bigint(20) NOT NULL,
  `diterima` bigint(20) NOT NULL,
  `mulai` date NOT NULL,
  `admin` bigint(20) NOT NULL,
  `pimpinan` bigint(20) NOT NULL,
  `status` tinyint(4) NOT NULL
) ENGINE=InnoDB DEFAULT CHARSET=utf8;

--
-- Dumping data for table `peminjaman`
--

INSERT INTO `peminjaman` (`id`, `id_ajuan`, `jenis`, `jumlah`, `jasa`, `diangsur`, `angsuran`, `potongan`, `asuransi`, `diterima`, `mulai`, `admin`, `pimpinan`, `status`) VALUES
(1, 80, 3, 11748950, 914632, 52, 47221532, 932249, 717520, 7981471, '1995-12-04', 91, 54, 3),
(2, 244, 1, 41770653, 954844, 77, 26885338, 698571, 760542, 19541375, '1979-01-18', 84, 2, 2),
(3, 155, 3, 26832532, 934901, 118, 396328, 893272, 915418, 2406690, '2014-09-21', 77, 33, 3),
(4, 297, 2, 1692239, 715270, 39, 43074956, 301291, 697736, 31467270, '2016-08-07', 98, 87, 3),
(5, 171, 3, 40162346, 113390, 74, 6448432, 421676, 193065, 41233481, '2001-03-30', 17, 63, 2),
(6, 88, 2, 17148451, 316484, 65, 9997129, 110664, 26586, 16360905, '2013-08-12', 7, 49, 3),
(7, 239, 4, 29944784, 884703, 74, 15972735, 764856, 104120, 36305712, '2004-03-27', 99, 70, 2),
(8, 120, 3, 1200648, 168730, 68, 19013959, 505237, 455015, 20224225, '2008-07-10', 41, 20, 3),
(9, 184, 4, 18413260, 282515, 56, 19568361, 667085, 521270, 13475972, '2017-02-12', 7, 32, 1),
(10, 176, 2, 32676393, 598739, 107, 30157286, 241665, 126312, 31618700, '2021-10-03', 45, 55, 2),
(11, 286, 1, 26474853, 156734, 48, 46322690, 294746, 483901, 1330337, '2004-12-28', 70, 14, 4),
(12, 297, 3, 22914226, 740209, 85, 49321559, 478649, 724161, 49906121, '2001-12-15', 14, 5, 5),
(13, 208, 5, 21528690, 331547, 99, 47954283, 673411, 212583, 47849931, '1972-07-21', 63, 66, 3),
(14, 278, 1, 45901783, 99418, 2, 34176346, 841099, 337062, 317473, '2001-10-08', 4, 29, 2),
(15, 168, 5, 1004259, 838756, 49, 26280213, 964043, 337255, 21701173, '2004-01-25', 5, 62, 2),
(16, 62, 2, 31377040, 52253, 67, 44876370, 897322, 304447, 39070731, '2000-01-02', 70, 63, 4),
(17, 281, 4, 22418229, 988277, 78, 28576547, 887598, 970729, 31718714, '2011-03-19', 93, 62, 4),
(18, 208, 4, 21865093, 60105, 115, 425157, 409241, 726105, 2663663, '1977-11-01', 16, 85, 4),
(19, 25, 3, 43620230, 625011, 57, 25200915, 841388, 865688, 3303883, '1985-02-09', 52, 73, 2),
(20, 18, 4, 47718839, 701291, 1, 40604905, 992399, 157009, 22477189, '2018-08-23', 23, 8, 5),
(21, 174, 4, 33598001, 940283, 69, 1542078, 107555, 883449, 45474394, '1977-11-04', 95, 62, 2),
(22, 77, 5, 6729922, 733354, 99, 29937870, 412560, 320694, 37483828, '1984-03-24', 51, 96, 3),
(23, 82, 5, 16630621, 847324, 57, 40420145, 69313, 559452, 17746930, '1976-11-16', 8, 16, 3),
(24, 252, 5, 33095044, 401548, 96, 31657286, 32154, 107814, 42605554, '1975-10-17', 11, 2, 4),
(25, 238, 1, 50482, 559164, 80, 33117462, 613869, 881975, 34234420, '1975-05-04', 22, 27, 5),
(26, 136, 2, 1000338, 794862, 29, 42215314, 643988, 953628, 16435581, '2012-09-29', 49, 73, 3),
(27, 140, 2, 1958981, 80526, 74, 30627183, 900617, 687029, 30693728, '2005-11-09', 11, 33, 5),
(28, 123, 4, 44001902, 880540, 64, 8792771, 540035, 132848, 3528161, '1986-12-07', 77, 93, 4),
(29, 79, 1, 13149964, 592568, 90, 13259250, 159463, 124484, 38394946, '1971-09-05', 51, 30, 2),
(30, 299, 1, 4066128, 519516, 50, 30137195, 693169, 758676, 32517768, '1975-06-14', 20, 10, 2),
(31, 283, 5, 3391658, 315178, 74, 46690713, 78397, 862678, 4074439, '2015-04-17', 27, 17, 2),
(32, 42, 4, 42027106, 313063, 65, 31868269, 340061, 736783, 38726294, '2019-08-31', 58, 61, 2),
(33, 19, 1, 4489848, 468216, 82, 40717416, 141951, 846040, 33729520, '2021-03-13', 66, 17, 3),
(34, 181, 3, 30972692, 617269, 43, 31211949, 414029, 576690, 16172261, '1986-05-31', 11, 32, 3),
(35, 222, 4, 19132412, 225546, 103, 42273746, 961914, 112337, 27524201, '2013-06-04', 66, 20, 5),
(36, 11, 2, 5206615, 240907, 17, 17116459, 67641, 530234, 42313511, '2004-08-18', 17, 23, 2),
(37, 122, 2, 10475795, 395997, 28, 36116884, 617483, 386701, 4328239, '1972-01-27', 22, 71, 2),
(39, 119, 1, 20614638, 440827, 111, 12506882, 228130, 282574, 47753916, '1983-07-31', 54, 7, 2),
(40, 13, 4, 30128514, 481586, 29, 19503539, 608286, 866665, 22424359, '2012-10-20', 93, 16, 1),
(41, 125, 5, 44657145, 474775, 75, 1768832, 906885, 885696, 3994962, '2008-07-31', 66, 8, 1),
(42, 202, 1, 31961367, 811116, 78, 11498921, 533714, 960956, 9669649, '2014-06-18', 30, 87, 2),
(43, 209, 2, 25918399, 366764, 97, 47651948, 849010, 203095, 18123354, '1996-06-30', 58, 96, 5),
(44, 296, 3, 38184236, 851894, 93, 20188748, 91309, 850478, 34498898, '2009-01-14', 85, 2, 3),
(45, 96, 3, 21133658, 290461, 71, 43701244, 750891, 646348, 27884232, '1970-09-09', 62, 87, 3),
(46, 285, 5, 42974143, 889085, 42, 47997545, 642843, 777308, 41618599, '1988-12-04', 11, 87, 1),
(47, 52, 2, 11769924, 247761, 17, 21188206, 145380, 426219, 26682729, '1987-06-18', 2, 85, 2),
(48, 45, 3, 29875991, 879948, 89, 44133600, 732028, 9547, 16633124, '2016-09-08', 51, 52, 2),
(49, 265, 1, 21321078, 803584, 31, 49389871, 759755, 945165, 30211919, '1970-11-24', 63, 49, 1),
(50, 192, 3, 8800113, 11025, 13, 12612987, 318508, 278760, 34841416, '2008-12-23', 55, 49, 3),
(51, 20, 4, 13374624, 309771, 30, 10296006, 912212, 52285, 12009972, '1984-07-14', 91, 70, 4),
(52, 107, 4, 6291363, 440881, 102, 40275983, 320382, 254701, 37438482, '1975-04-15', 58, 51, 3),
(53, 207, 4, 16835487, 146215, 48, 33801569, 174192, 983642, 5660134, '2021-05-24', 78, 70, 3),
(54, 46, 5, 46684893, 48183, 98, 20411346, 131660, 55549, 13167609, '2019-12-28', 4, 63, 2),
(55, 125, 3, 38001311, 800296, 61, 49435528, 551599, 324061, 17549181, '1977-05-18', 54, 7, 1),
(56, 209, 4, 21054783, 165789, 118, 21718747, 773568, 467917, 7902379, '1996-04-16', 49, 23, 1),
(57, 283, 2, 12649299, 901251, 9, 1339820, 400234, 658399, 3313074, '1972-07-28', 99, 84, 1),
(58, 197, 1, 31171009, 728042, 108, 27854847, 181968, 425051, 26154388, '1992-03-28', 66, 22, 4),
(59, 51, 5, 43697383, 289530, 8, 41105503, 175506, 417957, 44159433, '1978-01-24', 29, 96, 4),
(60, 252, 1, 4797757, 521142, 60, 15336846, 336205, 922493, 11119663, '1988-03-21', 51, 87, 4),
(61, 250, 2, 46424916, 297378, 47, 15759139, 902572, 376916, 15420511, '2021-06-22', 24, 33, 2),
(62, 86, 1, 27630967, 281786, 7, 18125722, 832280, 89595, 1111833, '1974-04-07', 5, 75, 2),
(63, 72, 4, 43687109, 512827, 66, 40809786, 517657, 496448, 47936432, '2019-05-30', 66, 20, 3),
(64, 209, 5, 35769787, 200380, 111, 8814928, 413494, 333291, 18018151, '2005-09-07', 70, 30, 1),
(65, 109, 3, 27660476, 134975, 64, 22898956, 957998, 662054, 15878973, '2002-08-01', 7, 70, 3),
(66, 211, 3, 47551418, 561733, 56, 5511223, 565230, 906357, 21738766, '1985-11-06', 58, 17, 2),
(67, 102, 1, 42885935, 571444, 53, 10502671, 916504, 833094, 45173838, '1982-09-22', 66, 62, 2),
(68, 8, 5, 21533059, 138503, 53, 360680, 763425, 328711, 45035082, '1971-09-07', 49, 8, 4),
(69, 246, 2, 31423322, 622374, 83, 41986124, 406847, 764912, 23817579, '2002-06-11', 30, 51, 3),
(70, 260, 1, 41568191, 158718, 31, 27685423, 835458, 108500, 33763018, '1971-09-18', 41, 54, 3),
(71, 164, 5, 16382769, 592378, 92, 36699711, 889853, 428368, 725281, '1980-11-26', 7, 61, 4),
(72, 167, 2, 23941666, 189354, 92, 39981666, 284755, 591088, 4536142, '1990-07-10', 14, 14, 3),
(73, 161, 3, 31211252, 126206, 15, 34410992, 406014, 436909, 32011360, '2010-08-31', 52, 19, 1),
(74, 273, 2, 23926633, 427587, 80, 41465800, 194126, 202409, 15737469, '1998-03-26', 2, 33, 2),
(75, 200, 2, 45452112, 31558, 98, 41539012, 969138, 425992, 30735850, '1988-01-26', 62, 2, 4),
(76, 54, 5, 12468695, 279318, 18, 23378897, 181305, 8274, 4290832, '2012-04-21', 87, 58, 3),
(77, 126, 1, 9294860, 439799, 72, 47985267, 47919, 620667, 19060391, '2017-11-03', 32, 51, 4),
(78, 293, 1, 29978690, 335762, 59, 9306152, 294482, 568588, 28715068, '1978-01-22', 7, 10, 1),
(79, 169, 4, 37881094, 3194, 64, 40867865, 231247, 278571, 12734098, '1995-12-29', 66, 7, 5),
(80, 230, 5, 26417189, 389051, 4, 25510966, 751951, 897417, 22012837, '1983-06-29', 10, 77, 2),
(81, 126, 3, 2457143, 218454, 67, 27079404, 599864, 443731, 28005298, '2020-05-24', 55, 5, 3),
(82, 76, 2, 46720852, 684017, 47, 6682903, 443329, 493835, 36485097, '2008-05-28', 29, 11, 5),
(83, 230, 3, 15561774, 84151, 85, 41255443, 251105, 268653, 41616100, '2010-04-23', 98, 11, 1),
(84, 220, 1, 47119789, 443640, 73, 31738357, 782226, 62706, 18722685, '1979-06-16', 8, 78, 2),
(85, 81, 2, 46751486, 192769, 58, 27784212, 322033, 659814, 1361358, '2013-01-22', 87, 95, 3),
(86, 219, 4, 10069705, 661315, 110, 30405147, 268068, 90157, 943713, '2012-12-30', 41, 84, 3),
(87, 230, 2, 9497194, 152339, 49, 6333884, 438623, 877262, 38103765, '1972-01-27', 93, 29, 2),
(88, 109, 3, 31524628, 673542, 88, 21208101, 255663, 91197, 9006406, '1983-10-25', 53, 70, 4),
(89, 110, 3, 34339978, 699981, 13, 9915267, 142380, 23943, 19411020, '2004-02-02', 22, 30, 3),
(90, 85, 1, 25582529, 177949, 105, 12678150, 963832, 398941, 49884690, '1970-11-27', 70, 32, 5),
(91, 270, 4, 17507861, 257628, 40, 25896675, 653454, 450456, 9205092, '2008-04-26', 20, 77, 3),
(92, 196, 3, 26731767, 278289, 102, 4665904, 516949, 468592, 45776465, '1996-03-24', 23, 5, 2),
(93, 221, 5, 4061455, 974590, 61, 34266700, 363162, 594336, 40440361, '1981-12-29', 55, 63, 1),
(94, 262, 1, 12853132, 370118, 59, 39945454, 344480, 311317, 30971183, '2010-06-28', 71, 41, 4),
(95, 127, 4, 11492948, 349700, 112, 8713480, 839509, 726789, 19803623, '1984-06-03', 14, 66, 1),
(96, 220, 5, 465531, 397323, 22, 26676873, 768698, 393513, 28952472, '2016-11-12', 17, 41, 2),
(97, 16, 2, 12505443, 303908, 6, 16984708, 294446, 192435, 25242751, '1998-08-08', 96, 23, 1),
(98, 153, 5, 9527370, 157097, 91, 13464729, 96421, 80737, 13656594, '1975-02-01', 55, 77, 5),
(99, 270, 3, 8991135, 71322, 86, 5354308, 560105, 58601, 23949496, '1994-10-08', 82, 49, 1),
(100, 287, 2, 38483366, 920262, 8, 24814669, 198550, 667827, 48029726, '2011-04-20', 14, 66, 4),
(101, 254, 1, 47311085, 811687, 37, 22022498, 370154, 703361, 29522287, '1999-11-04', 52, 99, 4),
(102, 190, 4, 27444577, 344366, 28, 41586400, 384929, 826956, 6127228, '1971-03-19', 71, 82, 1),
(103, 8, 5, 26718021, 653947, 3, 37811472, 41623, 421963, 44200560, '1989-12-08', 45, 98, 1),
(104, 159, 3, 27726104, 305116, 115, 20173826, 671861, 574555, 30855603, '1989-09-07', 7, 10, 2),
(105, 20, 5, 31960981, 931768, 38, 1262105, 583763, 743204, 34870450, '2006-01-17', 75, 87, 3),
(106, 272, 5, 26964123, 932742, 18, 45992749, 630219, 121025, 36062366, '1974-05-28', 82, 5, 3),
(107, 168, 5, 911263, 3902, 54, 19337044, 727673, 630890, 29586545, '1984-06-14', 58, 7, 5),
(108, 109, 4, 17784262, 941408, 13, 18146975, 683706, 596769, 4440804, '1980-03-22', 62, 7, 3),
(109, 229, 1, 45319150, 594012, 89, 21715332, 337449, 490093, 34062831, '1997-12-02', 33, 19, 1),
(110, 161, 4, 31031845, 301188, 89, 34207525, 430305, 832586, 35232968, '2011-06-01', 54, 61, 5),
(111, 241, 4, 45451440, 152175, 109, 5889430, 52918, 938773, 31775298, '2004-01-08', 85, 54, 3),
(113, 266, 4, 27293240, 683837, 87, 44326640, 531039, 978573, 34194829, '1979-12-28', 43, 51, 4),
(114, 97, 5, 13656649, 101373, 40, 10811140, 712704, 616112, 8134423, '1995-07-04', 49, 96, 5),
(115, 298, 4, 38066455, 793254, 85, 48286743, 331396, 663431, 7542596, '2003-04-01', 2, 33, 5),
(116, 27, 5, 30635977, 621256, 107, 43927330, 79127, 42592, 5652047, '2013-05-11', 63, 62, 3),
(117, 152, 3, 36789244, 560624, 100, 25841711, 501863, 39276, 43160728, '2009-05-15', 19, 30, 5),
(118, 228, 4, 46410682, 348135, 9, 19834829, 606274, 835708, 5303287, '2006-08-05', 45, 14, 4),
(119, 294, 1, 2207969, 367140, 80, 24667178, 191760, 9389, 44413548, '1989-01-16', 49, 41, 3),
(120, 67, 4, 23874311, 825385, 106, 37787821, 288934, 531533, 48631843, '1996-10-22', 32, 70, 4),
(121, 85, 4, 4908206, 173025, 78, 3413559, 444857, 378759, 24886648, '2007-10-24', 32, 24, 1),
(122, 87, 2, 4168718, 400233, 107, 32512116, 16542, 276327, 20034031, '2009-06-22', 98, 96, 1),
(123, 152, 3, 44153063, 860496, 17, 4075139, 444962, 361482, 12720430, '1973-04-22', 49, 71, 4),
(124, 138, 3, 13256898, 378885, 23, 40075386, 952871, 319217, 23008617, '1985-09-23', 45, 93, 4),
(125, 73, 5, 21159090, 956017, 63, 19158691, 637872, 262358, 8904375, '1999-07-18', 62, 71, 2),
(126, 46, 5, 48391861, 329061, 69, 17659639, 136671, 227311, 46664525, '2018-10-31', 2, 52, 4),
(127, 205, 4, 48936696, 685401, 36, 49277442, 74216, 654934, 21139378, '1973-02-24', 24, 5, 1),
(128, 104, 2, 44287839, 550565, 109, 40226462, 994290, 323365, 32259532, '2001-12-05', 49, 29, 2),
(129, 152, 5, 23126031, 544967, 15, 47693024, 462917, 230485, 26155417, '1988-02-05', 75, 98, 3),
(130, 163, 3, 48952237, 805952, 120, 42168668, 282054, 645834, 4439817, '2017-02-25', 2, 2, 2),
(131, 186, 2, 482013, 859915, 110, 24469353, 643357, 163904, 15603083, '2019-07-07', 20, 22, 5),
(132, 157, 3, 17273125, 357414, 101, 8631346, 214643, 854642, 26197417, '2006-11-20', 87, 53, 5),
(133, 145, 2, 16438292, 993264, 4, 23473956, 27140, 124395, 37851396, '1982-06-19', 71, 77, 2),
(134, 241, 1, 44481631, 352720, 14, 21409903, 738906, 417999, 13336279, '1988-05-25', 61, 24, 3),
(135, 272, 4, 13982891, 631182, 81, 14060419, 540865, 926955, 43985239, '2017-09-03', 23, 63, 4),
(136, 242, 1, 22770310, 929597, 17, 21735846, 733793, 603876, 11402288, '2014-05-23', 16, 82, 1),
(137, 154, 3, 23561626, 292198, 99, 17636075, 233668, 72131, 25938350, '1995-08-07', 43, 73, 4),
(138, 115, 2, 22370195, 141739, 58, 14534437, 201356, 922542, 26412471, '2002-02-19', 8, 22, 4),
(139, 6, 4, 12307761, 605219, 47, 37928636, 955044, 817148, 23337121, '2001-01-28', 2, 73, 3),
(140, 88, 3, 7912675, 469507, 100, 24197538, 289056, 232268, 7640578, '1975-02-14', 62, 93, 5),
(141, 20, 5, 159864, 947799, 87, 34895180, 230822, 197451, 22337589, '2020-02-25', 58, 29, 3),
(142, 104, 1, 15888664, 349183, 33, 31521545, 942174, 480527, 33834722, '2011-05-21', 63, 52, 5),
(143, 251, 1, 36724454, 598306, 22, 18772123, 210476, 763579, 6256194, '1983-08-28', 32, 23, 4),
(144, 21, 4, 16426692, 557187, 52, 44240116, 15067, 852239, 21914615, '2015-10-20', 4, 16, 5),
(145, 250, 1, 23001170, 998382, 2, 5583758, 31824, 426127, 32869050, '2002-02-26', 63, 85, 5),
(146, 45, 1, 40110657, 112359, 47, 13224447, 608294, 771402, 37629357, '1987-08-27', 45, 77, 1),
(147, 77, 5, 22951824, 20038, 30, 23194905, 53673, 28225, 39899883, '2013-08-16', 85, 85, 1),
(148, 95, 1, 19210207, 947305, 74, 5967171, 922292, 672841, 42166591, '2008-12-18', 27, 96, 4),
(149, 75, 4, 47165456, 605981, 77, 31724193, 86411, 253576, 31894212, '1999-05-17', 75, 62, 1),
(150, 155, 4, 19690942, 239825, 36, 16856361, 181646, 107710, 36925924, '1986-02-03', 71, 54, 5),
(151, 187, 2, 12940638, 936197, 55, 25898726, 994385, 363402, 44653453, '2018-09-08', 5, 23, 2),
(152, 286, 3, 20797001, 128144, 24, 18071999, 182213, 662581, 33418686, '1998-07-24', 32, 33, 1),
(153, 125, 4, 47870433, 118707, 76, 14728348, 29121, 344726, 11308434, '2008-10-08', 4, 23, 3),
(154, 60, 3, 48975223, 749195, 55, 20431593, 250165, 29103, 17037725, '1974-08-18', 70, 52, 3),
(155, 125, 4, 29462716, 701993, 51, 49793288, 346691, 82069, 40170770, '1977-12-24', 29, 16, 2),
(156, 122, 4, 654827, 411738, 53, 5021925, 321046, 126910, 32392243, '1975-10-11', 7, 11, 2),
(157, 279, 4, 26315787, 269587, 12, 47233802, 306374, 764014, 28578365, '2016-03-17', 58, 98, 1),
(158, 247, 5, 4209101, 370798, 39, 45059825, 680707, 625229, 35090847, '1999-05-22', 43, 17, 2),
(159, 185, 4, 28477162, 640767, 85, 27219374, 578036, 628471, 21685542, '1980-03-21', 98, 63, 5),
(160, 141, 5, 45443297, 368453, 103, 23820759, 473298, 731036, 23969486, '1979-01-12', 49, 16, 2),
(161, 4, 3, 2333193, 792970, 101, 39526293, 368226, 206339, 7197308, '2009-05-20', 8, 30, 4),
(162, 142, 4, 29399517, 690941, 49, 4215600, 508195, 574502, 43853889, '1971-06-27', 41, 54, 5),
(163, 191, 3, 36346365, 150996, 91, 49674570, 771769, 42883, 36897044, '1985-04-29', 62, 20, 3),
(164, 189, 1, 11700313, 403919, 91, 44477373, 425970, 144315, 30737706, '1977-09-24', 32, 5, 2),
(165, 204, 4, 43307322, 934811, 92, 30643694, 584108, 794343, 11649382, '1995-01-28', 85, 63, 2),
(166, 220, 1, 44654288, 663774, 16, 49497035, 546526, 253600, 23617269, '1970-09-14', 14, 17, 2),
(167, 150, 2, 5059947, 993429, 99, 41330206, 181365, 211127, 17222346, '1997-07-25', 87, 58, 3),
(168, 182, 1, 10180376, 982237, 96, 1538021, 638282, 536540, 40379485, '1986-10-11', 27, 2, 4),
(169, 57, 4, 21260541, 72777, 77, 21268656, 251501, 150591, 49804721, '1982-07-07', 7, 82, 5),
(170, 154, 3, 9251446, 619850, 22, 39107001, 129613, 485850, 18421928, '2001-03-05', 96, 87, 3),
(171, 58, 3, 11106325, 403535, 16, 41400453, 584147, 62908, 33014371, '2004-10-18', 14, 5, 1),
(172, 141, 4, 47784727, 383307, 87, 4061861, 989723, 569085, 38026185, '1985-10-04', 27, 62, 5),
(173, 179, 1, 19200522, 495978, 1, 39528884, 421601, 120250, 24183658, '1997-03-30', 16, 45, 4),
(174, 221, 1, 2826494, 405341, 47, 2234538, 891796, 612001, 40634063, '1989-07-31', 77, 5, 1),
(175, 115, 2, 44398276, 967032, 15, 19826487, 495777, 773010, 18146762, '2011-03-07', 73, 45, 1),
(176, 189, 5, 16208328, 788090, 64, 829830, 755440, 194435, 20464334, '1985-07-20', 49, 55, 5),
(177, 290, 4, 29805549, 520593, 59, 20401860, 143353, 545795, 42332078, '1993-03-14', 33, 11, 5),
(178, 176, 3, 32957335, 132808, 83, 550698, 937543, 636509, 20884226, '1975-03-19', 58, 91, 2),
(179, 166, 3, 4752820, 646305, 42, 10114462, 117497, 236557, 18868397, '1995-03-26', 29, 73, 5),
(180, 15, 3, 44595323, 864419, 117, 6854500, 355973, 936656, 27091855, '1980-10-02', 2, 84, 3),
(181, 29, 2, 38963038, 998459, 109, 32060275, 96248, 117335, 8538294, '2009-06-25', 73, 84, 4),
(182, 233, 3, 15450695, 557439, 41, 2330080, 565832, 575868, 1697722, '2014-03-10', 62, 22, 1),
(183, 140, 2, 23526756, 121714, 2, 38015824, 828961, 548587, 8219052, '2003-12-22', 78, 85, 2),
(184, 181, 3, 48346910, 407177, 23, 1909043, 97414, 474622, 5059325, '1994-12-01', 95, 17, 2),
(185, 46, 4, 38113116, 940360, 41, 20098715, 481597, 284961, 21167397, '1999-10-07', 84, 51, 3),
(186, 237, 3, 4336963, 439114, 8, 9794994, 928927, 475775, 10707467, '2006-01-18', 93, 82, 2),
(187, 127, 5, 18496467, 211177, 3, 9150663, 890579, 852827, 5842248, '2011-04-26', 55, 14, 4),
(188, 70, 5, 46059126, 210526, 5, 37346067, 245068, 964915, 7980071, '2016-02-04', 17, 85, 1),
(189, 66, 2, 45209245, 373301, 61, 17861032, 399401, 221657, 32862990, '2019-09-17', 41, 2, 1),
(190, 224, 4, 17838607, 159891, 5, 3782603, 134764, 362143, 45356719, '1979-11-10', 62, 70, 4),
(191, 289, 5, 27116394, 845100, 117, 42639315, 52929, 749025, 11798792, '2001-06-12', 53, 78, 2),
(192, 294, 3, 3582029, 341945, 37, 6996336, 551577, 545568, 4305335, '2010-02-14', 85, 91, 2),
(193, 67, 2, 38214206, 92448, 97, 14759006, 942364, 83110, 34293871, '2020-04-25', 24, 78, 3),
(194, 3, 1, 12075340, 160629, 85, 306293, 519894, 114079, 16966560, '2009-07-14', 41, 17, 5),
(195, 179, 3, 38367183, 576005, 6, 29022627, 157696, 229344, 14699746, '1991-08-10', 19, 99, 3),
(196, 116, 4, 40750498, 597252, 105, 6177328, 274919, 517831, 24210467, '1984-05-08', 4, 2, 3),
(197, 248, 5, 27916402, 111919, 113, 9682285, 658567, 681800, 12160420, '1973-01-28', 23, 30, 4),
(198, 175, 2, 21592511, 261846, 106, 45905630, 920272, 532736, 30703556, '2012-08-18', 30, 45, 2),
(199, 220, 4, 44301302, 674893, 1, 27363736, 33312, 406086, 11730457, '2018-05-11', 53, 2, 3),
(200, 4, 1, 31246398, 495243, 30, 13942759, 556073, 317632, 17189388, '1980-01-09', 49, 43, 2);

-- --------------------------------------------------------

--
-- Table structure for table `rekening`
--

CREATE TABLE `rekening` (
  `nomor` bigint(20) NOT NULL,
  `pemilik` bigint(20) NOT NULL,
  `wajib` bigint(20) DEFAULT NULL,
  `pokok` bigint(20) DEFAULT NULL,
  `tabungan` bigint(20) DEFAULT NULL,
  `sukarela` bigint(20) DEFAULT NULL
) ENGINE=InnoDB DEFAULT CHARSET=utf8;

--
-- Dumping data for table `rekening`
--

INSERT INTO `rekening` (`nomor`, `pemilik`, `wajib`, `pokok`, `tabungan`, `sukarela`) VALUES
(1, 52, 0, 0, 0, 25350171),
(2, 14, 0, 0, 0, 7630255),
(3, 87, 0, 41866818, 38252893, 476800),
(4, 7, 46374239, 14176296, 0, 48871959),
(5, 16, 0, 30754492, 2325168, 44125094),
(6, 52, 0, 0, 0, 0),
(7, 77, 46214821, 0, 46255812, 39707888),
(8, 49, 49984864, 0, 28267208, 0),
(9, 61, 34900319, 0, 30246533, 45250938),
(10, 91, 0, 0, 0, 21289327),
(11, 30, 0, 0, 2306639, 0),
(12, 2, 484095, 0, 21516352, 33925382),
(13, 43, 0, 45156049, 23456213, 4520411),
(14, 51, 39483126, 0, 10777957, 34812875),
(15, 70, 0, 0, 36231495, 44937110),
(16, 66, 0, 0, 0, 0),
(17, 4, 0, 44173737, 0, 0),
(18, 95, 40930999, 6114980, 15143250, 0),
(19, 66, 0, 0, 41742487, 30482048),
(20, 87, 45273705, 10631997, 34690383, 27712012),
(21, 61, 0, 6790383, 0, 0),
(22, 55, 36130123, 11878125, 45641279, 0),
(23, 99, 1117018, 25764462, 0, 0),
(24, 75, 0, 17294520, 5161797, 0),
(25, 71, 6298541, 0, 0, 40559735),
(26, 33, 0, 0, 28625098, 0),
(27, 55, 0, 30890544, 0, 0),
(28, 16, 49851958, 0, 23388904, 4430485),
(29, 29, 0, 0, 25925617, 34119037),
(30, 78, 41253957, 0, 0, 9489269),
(31, 19, 29777864, 37286164, 34023727, 0),
(32, 84, 0, 19143478, 0, 5367570),
(33, 96, 0, 13746500, 5347844, 0),
(34, 7, 44114242, 0, 0, 0),
(35, 93, 0, 0, 36662026, 0),
(36, 10, 0, 47366008, 39112926, 0),
(37, 58, 480305, 0, 8512029, 0),
(38, 66, 0, 0, 0, 0),
(39, 58, 1349868, 0, 0, 27142516),
(40, 17, 19897797, 27920893, 0, 0),
(41, 55, 0, 0, 0, 0),
(42, 96, 48112600, 16466618, 1995994, 0),
(43, 19, 29623579, 0, 0, 0),
(44, 99, 11194894, 19412502, 19262777, 11163283),
(45, 43, 0, 42594743, 13409183, 33496740),
(46, 91, 0, 0, 0, 43674345),
(47, 63, 31345960, 0, 0, 0),
(48, 45, 0, 13327168, 39124869, 0),
(49, 84, 0, 0, 0, 0),
(50, 27, 38718754, 0, 46008660, 44129529),
(52, 1, 3213123, 656457, 2432342, 34534534),
(53, 5, 3213123, 656457, 2432342, 34534534);

-- --------------------------------------------------------

--
-- Table structure for table `seragam`
--

CREATE TABLE `seragam` (
  `id` bigint(20) NOT NULL,
  `id_transaksi` bigint(20) NOT NULL,
  `jumlah` bigint(20) NOT NULL
) ENGINE=InnoDB DEFAULT CHARSET=utf8;

--
-- Dumping data for table `seragam`
--

INSERT INTO `seragam` (`id`, `id_transaksi`, `jumlah`) VALUES
(1, 9, 14621002),
(2, 256, 35415760),
(3, 143, 11158209),
(4, 49, 28400513),
(5, 295, 2861342),
(6, 120, 30417632),
(7, 27, 39991732),
(8, 185, 11591127),
(9, 224, 14943547),
(10, 280, 3335338),
(11, 288, 20141747),
(12, 185, 12288677),
(13, 232, 6606865),
(14, 283, 1108079),
(15, 178, 44247391),
(16, 55, 35893181),
(17, 46, 28280512),
(18, 185, 2488774),
(19, 55, 30541694),
(20, 110, 44549644),
(21, 145, 8265159),
(22, 280, 42428187),
(23, 270, 27878805),
(24, 84, 39897616),
(25, 244, 22146379),
(26, 68, 49116134),
(27, 176, 46210427),
(28, 166, 28444238),
(29, 63, 857429),
(30, 240, 30411986),
(31, 255, 22503097),
(32, 72, 10562393),
(33, 196, 18418701),
(34, 98, 2073456),
(35, 121, 26049316),
(36, 191, 25539614),
(37, 217, 42946584),
(38, 147, 48284758),
(39, 75, 11477679),
(40, 141, 27149397),
(41, 126, 24953191),
(42, 63, 30414760),
(43, 26, 1468170),
(44, 58, 16255105),
(45, 45, 30926555),
(46, 203, 44751669),
(47, 113, 48224548),
(48, 91, 11962680),
(49, 87, 23355058),
(50, 168, 20888313);

-- --------------------------------------------------------

--
-- Table structure for table `simpanan`
--

CREATE TABLE `simpanan` (
  `id` bigint(20) NOT NULL,
  `rekening` bigint(20) NOT NULL,
  `jenis` tinyint(4) NOT NULL,
  `jumlah` bigint(20) NOT NULL,
  `id_transaksi` bigint(20) NOT NULL,
  `keterangan` varchar(100) NOT NULL
) ENGINE=InnoDB DEFAULT CHARSET=utf8;

--
-- Dumping data for table `simpanan`
--

INSERT INTO `simpanan` (`id`, `rekening`, `jenis`, `jumlah`, `id_transaksi`, `keterangan`) VALUES
(103, 5, 3, 15881030, 191, ''),
(116, 23, 3, 27802727, 162, ''),
(117, 33, 2, 4207935, 250, ''),
(118, 16, 4, 3022030, 248, ''),
(121, 43, 2, 39429623, 43, ''),
(122, 16, 1, 47138158, 3, ''),
(125, 5, 1, 26041109, 199, ''),
(127, 22, 4, 40489170, 124, ''),
(132, 1, 3, 22860740, 203, ''),
(133, 1, 2, 40431214, 14, ''),
(135, 29, 2, 33498558, 124, ''),
(137, 10, 2, 18877903, 114, ''),
(141, 16, 4, 33272964, 218, ''),
(146, 30, 1, 1306591, 271, ''),
(147, 5, 1, 42670640, 42, ''),
(148, 43, 4, 5798350, 137, ''),
(150, 29, 2, 26829141, 171, ''),
(154, 8, 2, 28759060, 167, ''),
(159, 14, 4, 31874641, 235, ''),
(167, 43, 1, 25508290, 65, ''),
(170, 45, 4, 29008503, 48, ''),
(171, 49, 1, 43981212, 13, ''),
(174, 1, 2, 21266911, 211, ''),
(177, 22, 4, 9551268, 82, ''),
(182, 5, 3, 29423159, 254, ''),
(184, 4, 1, 14756633, 250, ''),
(186, 29, 3, 19903843, 195, ''),
(193, 49, 2, 41764046, 242, ''),
(196, 14, 2, 37581213, 292, ''),
(198, 17, 4, 20279842, 237, ''),
(200, 32, 2, 626611, 133, '');

-- --------------------------------------------------------

--
-- Table structure for table `status_akun`
--

CREATE TABLE `status_akun` (
  `id` tinyint(4) NOT NULL,
  `status` varchar(30) NOT NULL
) ENGINE=InnoDB DEFAULT CHARSET=utf8;

--
-- Dumping data for table `status_akun`
--

INSERT INTO `status_akun` (`id`, `status`) VALUES
(1, 'Aktif'),
(2, 'Nonaktif');

-- --------------------------------------------------------

--
-- Table structure for table `status_transaksi`
--

CREATE TABLE `status_transaksi` (
  `id` tinyint(4) NOT NULL,
  `status` varchar(30) NOT NULL
) ENGINE=InnoDB DEFAULT CHARSET=utf8;

--
-- Dumping data for table `status_transaksi`
--

INSERT INTO `status_transaksi` (`id`, `status`) VALUES
(1, 'Selesai'),
(2, 'Acc'),
(3, 'Diangsur'),
(4, 'Ditolak'),
(5, 'Diproses');

-- --------------------------------------------------------

--
-- Table structure for table `toko`
--

CREATE TABLE `toko` (
  `id` bigint(20) NOT NULL,
  `id_transaksi` bigint(20) NOT NULL,
  `id_peminjaman` bigint(20) NOT NULL,
  `ke` smallint(6) NOT NULL,
  `pokok` bigint(20) NOT NULL,
  `jasa` bigint(20) NOT NULL,
  `keterangan` varchar(100) DEFAULT NULL
) ENGINE=InnoDB DEFAULT CHARSET=utf8;

--
-- Dumping data for table `toko`
--

INSERT INTO `toko` (`id`, `id_transaksi`, `id_peminjaman`, `ke`, `pokok`, `jasa`, `keterangan`) VALUES
(1, 54, 64, 368, 8755497, 808593, 'Libero ex aliquam reiciendis est qui. Labore veniam ut incidunt nihil. Reprehenderit velit consequat'),
(2, 57, 51, 12, 42290192, 836149, 'Non incidunt quia veniam quam. Nesciunt nesciunt vero ut labore facilis ab.'),
(3, 269, 194, 845, 24911122, 222823, 'Odio ratione placeat ut harum maxime aliquam rerum quos. Saepe quibusdam unde dolorem veniam archite'),
(4, 232, 172, 467, 37522848, 883502, 'Aliquid ipsum voluptas optio assumenda ut sunt. Illo reiciendis veniam exercitationem id reprehender'),
(5, 131, 191, 543, 47535203, 931156, 'Nam dolorem quia adipisci temporibus vel alias. Ut adipisci et reiciendis voluptas explicabo. Vel qu'),
(6, 7, 27, 975, 14059144, 95520, ''),
(7, 84, 86, 170, 34502759, 168905, 'Et cupiditate praesentium molestiae nobis qui doloremque cupiditate dolorem. Sunt sequi quas harum c'),
(8, 40, 190, 47, 35982508, 541667, ''),
(9, 20, 173, 767, 11636205, 558029, 'Voluptas repellendus id dicta omnis. Est asperiores sed rerum quas commodi consequatur. Porro est in'),
(10, 24, 160, 95, 26299006, 794785, ''),
(11, 61, 10, 133, 9591868, 97442, 'Sint aut occaecati et officiis. Adipisci aut ut voluptas qui. Ratione animi doloremque non ut facili'),
(12, 95, 196, 714, 38345631, 796395, ''),
(13, 101, 96, 1, 30116100, 101364, 'Omnis quas itaque eaque. Aut ratione deserunt occaecati debitis labore fugit. Soluta saepe sapiente '),
(14, 207, 130, 437, 5495899, 145389, ''),
(15, 263, 41, 780, 46808780, 285770, 'Maxime quae eos illo possimus aut. Neque perferendis enim fugiat dolorum. Omnis quisquam veniam nost'),
(16, 89, 11, 496, 26982534, 793515, ''),
(17, 155, 97, 198, 2442541, 652032, ''),
(18, 91, 83, 652, 37643599, 38420, 'Quia est ea non alias unde sunt. In odit dolorum molestiae sunt. Recusandae quae blanditiis illum ve'),
(19, 135, 15, 370, 15828246, 524441, 'Ullam rerum et sit odit veniam mollitia dolorem. Eos commodi voluptatem dolorem quia sit autem. Offi'),
(20, 81, 177, 473, 37676446, 347354, 'Explicabo quo sunt delectus voluptatem. Ut nobis et ea. Porro est earum quasi repellendus fuga dolor'),
(21, 8, 59, 409, 2506654, 739222, 'Et omnis ut maxime consectetur. Labore sed enim atque repudiandae.'),
(22, 5, 61, 662, 29058620, 560181, 'Asperiores quia voluptatem deserunt soluta. Veritatis aperiam odio qui dolores odit odit. Cumque cum'),
(23, 217, 30, 238, 32250484, 258178, 'Et cumque est suscipit et perspiciatis quis. Molestias perferendis soluta voluptatum et voluptatem m'),
(24, 76, 157, 502, 45897428, 62034, ''),
(25, 3, 67, 802, 22181002, 130082, ''),
(26, 175, 43, 545, 12942533, 858751, 'Sint tenetur tempore quibusdam maiores molestias quia. Sunt iure corrupti doloribus incidunt consequ'),
(27, 114, 179, 188, 6220299, 150536, 'Est incidunt quo cumque. Non doloremque veniam est sed. Consequatur minus esse nisi commodi.'),
(28, 57, 144, 543, 37950528, 213729, 'Placeat voluptate molestiae consequatur ullam. Et sed quo blanditiis nobis optio sed animi vitae. Au'),
(29, 113, 176, 11, 6042579, 622445, ''),
(30, 109, 50, 303, 1700715, 4220, 'Qui accusantium ab quidem. Ut quasi ratione et ut. Qui dolorum porro quis qui optio fugit. Quas sunt');

-- --------------------------------------------------------

--
-- Table structure for table `transaksi`
--

CREATE TABLE `transaksi` (
  `id` bigint(20) NOT NULL,
  `penyetor` bigint(20) NOT NULL,
  `bulan` date NOT NULL,
  `jumlah` bigint(20) NOT NULL,
  `tanggal` date NOT NULL,
  `admin` bigint(20) NOT NULL
) ENGINE=InnoDB DEFAULT CHARSET=utf8;

--
-- Dumping data for table `transaksi`
--

INSERT INTO `transaksi` (`id`, `penyetor`, `bulan`, `jumlah`, `tanggal`, `admin`) VALUES
(1, 70, '1994-09-18', 21474662, '1984-11-05', 84),
(2, 99, '2021-04-20', 7854353, '2017-02-11', 22),
(3, 43, '1975-01-26', 15098455, '1994-09-24', 99),
(4, 2, '1996-02-27', 45305039, '2006-06-02', 2),
(5, 87, '1998-06-14', 38025520, '1990-11-23', 54),
(6, 91, '1997-07-19', 13794854, '2018-11-11', 27),
(7, 16, '1995-11-18', 16029411, '1980-04-25', 23),
(8, 17, '1989-06-15', 40545531, '1978-03-17', 10),
(9, 55, '1980-06-30', 2649579, '2015-04-10', 93),
(10, 17, '1998-12-05', 20584667, '2013-11-01', 20),
(11, 78, '1970-10-06', 11799204, '1979-08-20', 71),
(12, 19, '1993-05-22', 45432840, '2021-08-25', 33),
(13, 73, '1999-09-01', 48752533, '1995-09-28', 22),
(14, 20, '2001-04-09', 25622514, '2009-06-15', 98),
(15, 78, '1986-11-27', 25242483, '1985-01-28', 78),
(16, 53, '2017-12-29', 39362239, '2004-03-09', 49),
(17, 62, '1976-10-24', 36059344, '1992-07-09', 53),
(18, 73, '2000-05-10', 16028951, '2021-05-08', 7),
(19, 53, '1995-04-29', 14721279, '2013-08-23', 73),
(20, 8, '2001-12-31', 45627912, '2001-02-27', 33),
(21, 23, '1981-07-19', 12206025, '1995-04-30', 98),
(22, 71, '1990-05-24', 33890292, '2002-03-07', 45),
(23, 20, '1971-07-15', 46790900, '2008-11-04', 91),
(24, 55, '1972-11-30', 19682754, '1982-02-18', 82),
(25, 78, '1999-12-18', 23044130, '1998-01-01', 75),
(26, 4, '2015-04-12', 40503172, '1978-12-03', 55),
(27, 49, '2008-01-20', 40652376, '1983-07-22', 20),
(28, 98, '1971-03-17', 28027965, '2014-10-25', 17),
(29, 51, '2014-09-02', 32170045, '1977-11-22', 17),
(30, 14, '2002-09-27', 41667393, '1986-12-23', 23),
(31, 99, '1972-09-11', 37568213, '2005-10-24', 66),
(32, 73, '2008-11-08', 44422051, '1991-09-14', 62),
(33, 19, '2011-10-23', 34347318, '2007-07-15', 49),
(34, 70, '2013-05-31', 24794348, '2021-09-27', 73),
(35, 17, '2009-11-24', 36204805, '1981-05-16', 77),
(36, 11, '1978-02-18', 29602824, '2016-05-19', 49),
(37, 75, '1995-05-31', 26672491, '1987-01-11', 84),
(38, 93, '2012-12-31', 28863710, '1978-10-09', 98),
(39, 71, '1981-06-26', 32897590, '1994-04-09', 49),
(40, 78, '1981-02-17', 34073066, '2007-01-30', 52),
(41, 20, '1990-07-21', 44440616, '1974-07-06', 84),
(42, 8, '2001-09-29', 42124821, '1970-11-18', 71),
(43, 5, '2000-01-28', 19337835, '2002-06-06', 5),
(44, 91, '1974-11-19', 38856197, '2005-12-05', 54),
(45, 22, '1985-08-29', 29251209, '2010-05-29', 5),
(46, 82, '2021-07-11', 962446, '1972-05-07', 22),
(47, 73, '1975-02-20', 28022315, '1979-02-07', 54),
(48, 87, '1997-11-26', 25048760, '2004-07-07', 95),
(49, 2, '1993-02-24', 44609724, '2001-02-12', 54),
(50, 63, '1991-08-01', 4446799, '1985-08-21', 19),
(51, 29, '1975-11-15', 35816547, '1998-02-05', 77),
(52, 66, '1981-02-28', 19529191, '2002-05-26', 7),
(53, 61, '1996-01-19', 48673557, '2012-12-10', 58),
(54, 5, '2011-09-03', 39745979, '2007-04-05', 29),
(55, 5, '2022-03-06', 33049121, '2005-05-16', 85),
(56, 84, '1994-12-07', 2244343, '2020-03-09', 24),
(57, 66, '2021-10-26', 36426700, '1983-07-01', 95),
(58, 99, '2015-09-07', 18408053, '1983-03-15', 73),
(59, 99, '1978-11-04', 6894651, '1971-05-29', 91),
(60, 23, '2020-07-12', 41176804, '2001-07-29', 20),
(61, 95, '2009-01-04', 38947272, '2010-06-10', 8),
(62, 51, '2014-07-19', 5308823, '1973-05-01', 63),
(63, 63, '1998-02-17', 34530916, '2020-09-29', 30),
(64, 55, '1992-03-08', 14771405, '1996-08-16', 66),
(65, 93, '1999-07-28', 10044801, '1974-06-15', 20),
(66, 87, '1976-09-04', 27464735, '2002-06-20', 20),
(67, 2, '1998-07-22', 43887122, '1994-11-27', 54),
(68, 27, '1993-12-10', 18256735, '1996-11-10', 61),
(69, 11, '2013-08-03', 36417098, '1998-11-04', 32),
(70, 95, '2000-01-03', 34203797, '1981-06-01', 17),
(71, 19, '2010-10-11', 28359535, '2014-05-08', 77),
(72, 51, '1991-08-25', 36444874, '2016-09-22', 87),
(73, 70, '1998-05-26', 15159481, '1998-01-16', 49),
(74, 61, '1987-08-05', 35509324, '1984-09-08', 66),
(75, 30, '1974-07-06', 15080114, '1991-08-26', 87),
(76, 93, '1972-11-09', 44770028, '2001-12-18', 23),
(77, 96, '2018-04-22', 12405600, '1980-07-28', 33),
(78, 93, '1998-10-20', 21473092, '1975-10-19', 61),
(79, 75, '2015-11-16', 44869546, '1997-09-07', 51),
(80, 23, '1995-02-23', 548098, '2018-10-07', 63),
(81, 71, '2003-01-10', 1889279, '1980-12-29', 11),
(82, 91, '2019-07-19', 39682253, '1985-01-26', 71),
(83, 70, '1997-08-21', 27882234, '2009-08-08', 17),
(84, 27, '2012-08-16', 32481944, '1970-05-06', 82),
(85, 54, '2021-07-08', 13828007, '1979-07-22', 22),
(86, 2, '1971-11-29', 7388139, '2015-09-17', 77),
(87, 2, '1986-08-01', 43984921, '1997-07-24', 51),
(88, 62, '1986-10-26', 21893635, '1980-11-16', 70),
(89, 96, '2009-09-28', 34348669, '1989-08-08', 20),
(90, 32, '2002-03-28', 25475785, '2008-08-12', 27),
(91, 10, '1990-01-09', 18321288, '1979-10-10', 24),
(92, 58, '2009-07-03', 21901166, '1971-01-06', 7),
(93, 70, '1974-08-24', 13865011, '1993-11-21', 51),
(94, 66, '1990-11-26', 34489757, '2020-05-05', 43),
(95, 99, '1986-05-30', 6370003, '2019-11-17', 95),
(96, 7, '1990-11-12', 37609395, '2000-11-09', 71),
(97, 7, '2019-10-10', 20877343, '1976-12-21', 96),
(98, 41, '1987-10-01', 40857017, '1981-03-01', 75),
(99, 14, '1995-02-28', 2693629, '2014-11-30', 73),
(100, 55, '1971-11-22', 36196146, '1993-07-19', 70),
(101, 98, '2021-09-16', 4894252, '1977-03-29', 55),
(102, 49, '1985-12-19', 21870533, '1980-07-15', 99),
(103, 7, '1982-10-15', 989153, '2013-08-26', 10),
(104, 70, '1988-05-05', 38547189, '1980-11-14', 4),
(105, 30, '1970-08-09', 27774671, '1997-03-05', 5),
(106, 29, '2001-05-10', 39005337, '2008-01-06', 45),
(107, 30, '1970-11-18', 38405003, '2006-04-25', 93),
(108, 53, '2018-11-06', 33128431, '1985-05-26', 4),
(109, 41, '1975-12-16', 46685136, '1987-04-22', 17),
(110, 45, '1977-01-13', 1835455, '2001-09-15', 41),
(111, 11, '1974-07-22', 4521658, '1987-08-06', 53),
(112, 10, '2018-03-17', 48251653, '2013-01-13', 17),
(113, 49, '2003-01-04', 43139540, '2006-04-15', 52),
(114, 95, '1987-08-19', 37149118, '2002-04-03', 61),
(115, 22, '2019-07-27', 26788482, '2008-03-14', 52),
(116, 27, '1992-08-23', 17706976, '1990-12-06', 20),
(117, 8, '1992-07-22', 41642593, '2002-12-24', 78),
(118, 20, '2000-07-04', 32745858, '2001-06-20', 14),
(119, 91, '1971-10-05', 20505029, '2007-07-10', 93),
(120, 16, '2017-06-13', 39743105, '1977-12-03', 20),
(121, 96, '1979-03-19', 328463, '1972-01-29', 51),
(122, 66, '1979-03-28', 38882227, '2017-03-10', 24),
(123, 41, '1995-09-23', 35210042, '2003-08-19', 19),
(124, 27, '1997-01-03', 4412890, '1977-04-03', 84),
(125, 33, '1975-11-29', 3474660, '2005-08-30', 77),
(126, 20, '2000-01-30', 27005491, '2003-04-10', 52),
(127, 24, '2002-06-24', 36364871, '1996-01-14', 29),
(128, 71, '2017-10-26', 24430167, '1980-08-05', 77),
(129, 85, '2008-10-05', 40341916, '1997-05-18', 63),
(130, 33, '2002-08-17', 20499702, '2016-05-19', 8),
(131, 14, '1986-09-19', 16937543, '1970-01-24', 71),
(132, 29, '1975-08-15', 32138062, '1994-06-26', 20),
(133, 51, '2002-07-05', 46848292, '1996-01-28', 54),
(134, 33, '1986-11-22', 43717670, '2005-06-25', 32),
(135, 45, '1974-04-12', 42713036, '1986-05-18', 54),
(136, 58, '1991-10-19', 4742954, '2017-12-29', 41),
(137, 5, '1985-09-22', 2051783, '2019-11-30', 23),
(138, 71, '2001-08-21', 28231285, '1997-11-16', 45),
(139, 49, '1972-05-06', 14497020, '2017-11-07', 4),
(140, 23, '2015-06-25', 46082840, '2016-11-29', 87),
(141, 78, '2019-10-20', 42546789, '2004-12-09', 51),
(142, 33, '1982-03-04', 24800253, '2002-01-26', 8),
(143, 82, '1998-01-06', 31511763, '2001-05-10', 8),
(144, 85, '1976-06-17', 40515732, '1988-06-29', 66),
(145, 75, '1977-03-09', 1207641, '2000-12-16', 22),
(146, 75, '2017-01-14', 2528525, '1972-11-16', 93),
(147, 96, '2004-03-25', 36845395, '2021-09-30', 8),
(148, 11, '2014-07-19', 38273509, '2020-08-25', 43),
(149, 63, '1991-12-22', 20975066, '1970-02-26', 52),
(150, 82, '1983-05-30', 28975035, '2006-10-27', 10),
(151, 7, '1975-08-12', 30635434, '1991-03-27', 41),
(152, 52, '1977-08-26', 5648942, '1978-02-15', 10),
(153, 70, '1997-11-19', 39883931, '1985-03-31', 19),
(154, 54, '2003-03-24', 31315393, '2001-06-27', 16),
(155, 22, '1987-04-05', 3914418, '1997-12-16', 84),
(156, 4, '2014-02-02', 9556564, '2017-02-28', 4),
(157, 29, '2007-05-16', 4289973, '1978-04-18', 43),
(158, 11, '1985-04-29', 29531607, '1988-03-04', 14),
(159, 53, '1981-02-22', 3007716, '1993-09-03', 99),
(160, 82, '1977-07-10', 22882635, '1978-05-01', 23),
(161, 20, '2008-10-30', 30679475, '1979-10-19', 55),
(162, 16, '1992-11-29', 26934710, '2013-01-12', 16),
(163, 63, '2006-09-17', 18662106, '2001-07-14', 27),
(164, 61, '1986-03-26', 641865, '1980-02-11', 27),
(165, 84, '1986-01-31', 47676573, '2018-06-27', 41),
(166, 41, '1984-07-25', 46594365, '1984-12-15', 91),
(167, 82, '2020-04-09', 6668107, '2007-06-17', 95),
(168, 99, '1974-08-18', 23093661, '1973-05-08', 51),
(169, 11, '2017-08-20', 43519932, '1972-02-29', 54),
(170, 63, '1985-03-31', 48000593, '2003-12-20', 33),
(171, 33, '2019-01-09', 13855012, '2008-07-21', 70),
(172, 41, '2010-12-03', 28787401, '1989-10-02', 71),
(173, 10, '1990-04-28', 41823437, '1982-09-28', 54),
(174, 85, '2005-09-08', 28635644, '2009-01-16', 62),
(175, 53, '1972-08-03', 40690521, '1972-06-04', 63),
(176, 93, '1987-08-19', 18229276, '2014-06-16', 75),
(177, 20, '2005-08-30', 5529866, '2006-01-25', 7),
(178, 93, '2019-11-24', 27032478, '2011-11-11', 87),
(179, 33, '2020-09-25', 35584341, '1983-12-27', 53),
(180, 17, '2010-08-31', 37339970, '2012-05-03', 19),
(181, 95, '1985-10-24', 20734328, '2004-04-03', 58),
(182, 8, '1990-04-01', 8317863, '1991-11-04', 75),
(183, 52, '2001-10-26', 40539728, '2002-10-14', 8),
(184, 22, '1989-08-23', 4672714, '1985-06-06', 63),
(185, 62, '2021-11-09', 28861446, '1977-01-12', 93),
(186, 4, '1990-03-09', 39615439, '1996-04-03', 4),
(187, 58, '1982-06-24', 34987541, '1971-12-20', 45),
(188, 73, '2002-06-07', 22301580, '2010-07-14', 71),
(189, 99, '1982-07-31', 47930505, '1984-02-22', 58),
(190, 30, '1973-04-15', 20253660, '2012-09-03', 53),
(191, 22, '1985-04-16', 6635476, '1975-09-22', 22),
(192, 23, '1972-11-11', 30296753, '1986-12-22', 49),
(193, 29, '2020-02-14', 10190804, '2009-07-16', 17),
(194, 30, '2009-08-07', 1469259, '1974-05-13', 71),
(195, 71, '1992-06-08', 13891378, '1981-04-30', 53),
(196, 95, '1982-10-05', 34514627, '1973-12-14', 63),
(197, 10, '1997-03-08', 40161592, '1970-08-30', 2),
(198, 41, '2001-12-26', 49823918, '1978-02-25', 62),
(199, 8, '1972-03-09', 10760568, '1992-04-03', 63),
(200, 23, '2008-05-16', 16870612, '1994-09-01', 73),
(201, 55, '1980-08-08', 9797932, '1980-06-09', 27),
(202, 75, '2013-07-17', 23370743, '1972-03-08', 16),
(203, 77, '1987-03-30', 39022733, '1986-09-18', 51),
(204, 87, '1977-11-10', 10765478, '2004-07-08', 75),
(205, 8, '2003-12-26', 33909236, '2008-08-22', 20),
(206, 24, '1993-01-20', 9216393, '1979-12-01', 29),
(207, 51, '1988-05-13', 25192148, '1988-01-16', 54),
(208, 78, '1991-12-16', 16348026, '2002-05-10', 82),
(209, 73, '1974-02-22', 3663875, '1990-08-23', 14),
(210, 53, '2003-09-25', 17454519, '1986-04-27', 45),
(211, 66, '1979-12-01', 43276701, '2019-04-22', 45),
(212, 8, '2011-04-21', 25714871, '1997-10-04', 78),
(213, 49, '2010-02-10', 49908946, '2000-11-04', 52),
(214, 41, '1978-03-06', 35388268, '1996-05-15', 54),
(215, 14, '2021-06-19', 26315713, '2003-11-23', 70),
(216, 24, '1971-06-25', 19090637, '1999-04-26', 71),
(217, 2, '1986-03-17', 5093346, '1978-05-09', 5),
(218, 87, '1975-10-22', 37036257, '1980-09-17', 77),
(219, 53, '1986-05-16', 35721494, '2009-07-13', 75),
(220, 53, '1987-05-11', 34643377, '2012-11-01', 61),
(221, 99, '1981-04-02', 6907382, '2021-04-29', 82),
(222, 96, '2015-12-30', 36052118, '1980-10-14', 49),
(223, 32, '1978-11-28', 13125727, '1984-06-20', 75),
(224, 23, '1995-07-01', 43163533, '1976-01-25', 8),
(225, 91, '1986-04-24', 39573049, '1986-12-08', 82),
(226, 54, '1977-01-25', 45387785, '1974-08-27', 54),
(227, 22, '2015-01-16', 16282360, '1982-01-13', 63),
(228, 30, '1989-04-17', 33095456, '2016-12-20', 71),
(229, 14, '2007-04-25', 17415549, '1993-01-10', 75),
(230, 23, '1983-11-04', 39038885, '2018-11-02', 27),
(231, 45, '1991-06-20', 12752852, '1991-06-10', 55),
(232, 4, '2021-06-17', 33867458, '1995-06-14', 49),
(233, 61, '2004-08-22', 17972981, '1975-01-09', 93),
(234, 20, '2012-11-25', 49999276, '1996-12-08', 14),
(235, 63, '1994-05-16', 38883611, '1995-01-19', 77),
(236, 77, '1975-02-02', 21023771, '2016-07-07', 62),
(237, 55, '1995-04-13', 9056210, '1995-05-21', 71),
(238, 10, '2001-08-22', 20500315, '1979-08-13', 95),
(239, 45, '1980-07-17', 6914094, '1991-11-26', 32),
(240, 4, '2010-11-02', 49750898, '1988-04-30', 29),
(241, 17, '2001-03-04', 32183286, '1974-10-18', 58),
(242, 91, '1984-03-22', 35025734, '2018-07-18', 45),
(243, 20, '1987-04-15', 5606664, '1984-04-01', 20),
(244, 16, '2015-11-22', 18052280, '1987-08-18', 33),
(245, 99, '2010-02-18', 46247552, '2003-10-15', 43),
(246, 70, '1997-12-27', 8661892, '1989-03-17', 45),
(247, 2, '2008-03-09', 736582, '1991-06-18', 71),
(248, 93, '1988-05-21', 39812923, '1997-06-15', 61),
(249, 61, '2021-10-03', 47035035, '1989-05-06', 14),
(250, 77, '2015-03-03', 16914303, '2021-11-08', 23),
(251, 93, '1972-07-26', 47489007, '2016-01-11', 53),
(252, 93, '1986-05-30', 32216688, '1987-07-13', 51),
(253, 20, '1994-05-21', 32619722, '2009-05-23', 2),
(254, 43, '2000-04-18', 37208186, '1993-12-05', 70),
(255, 33, '1984-01-08', 35398324, '1978-11-02', 49),
(256, 4, '2007-03-03', 47959641, '2016-09-13', 55),
(257, 5, '1990-04-18', 12518708, '2005-10-26', 95),
(258, 2, '1996-08-29', 16972490, '2013-07-31', 24),
(259, 16, '1995-05-24', 33482419, '2020-03-17', 17),
(260, 70, '2003-01-21', 11841387, '2006-10-22', 14),
(261, 61, '1983-01-15', 42507729, '2015-04-17', 32),
(262, 61, '1979-06-02', 6984486, '1991-12-06', 62),
(263, 8, '2021-11-10', 35522536, '1994-02-15', 53),
(264, 20, '2015-05-04', 11567178, '1971-07-09', 70),
(265, 66, '1985-06-18', 30336839, '2004-01-02', 2),
(266, 98, '1976-03-10', 19963643, '1974-06-18', 58),
(267, 53, '1994-11-07', 40676466, '1982-02-03', 87),
(268, 7, '2010-06-10', 4692139, '1996-01-26', 77),
(269, 87, '1999-12-12', 18198837, '2015-12-28', 52),
(270, 49, '2008-09-09', 9195907, '1982-06-01', 22),
(271, 99, '2009-08-30', 26610404, '1991-04-12', 51),
(272, 84, '2003-11-22', 5210435, '1989-05-29', 4),
(273, 41, '1970-01-28', 7803806, '1980-12-26', 85),
(274, 29, '2012-11-29', 1529367, '1976-05-14', 55),
(275, 4, '2007-01-12', 34532074, '1974-07-31', 2),
(276, 73, '1976-12-04', 32002514, '1973-08-20', 63),
(277, 33, '1990-11-14', 5015965, '1990-09-26', 30),
(278, 23, '1979-05-06', 25361608, '2019-04-11', 49),
(279, 87, '2005-12-18', 17894255, '1993-05-19', 52),
(280, 16, '2010-05-10', 25034185, '1984-07-29', 53),
(281, 52, '2012-02-05', 40471351, '1987-09-18', 11),
(282, 11, '2004-05-08', 223737, '2003-05-22', 4),
(283, 99, '2022-03-08', 4698905, '2020-08-05', 19),
(284, 82, '2018-09-05', 13320868, '1988-11-20', 87),
(285, 71, '1972-12-20', 17304973, '2009-02-21', 23),
(286, 10, '1977-07-30', 11830040, '2016-03-22', 70),
(287, 77, '2011-08-25', 48242853, '1975-05-24', 96),
(288, 73, '1997-11-23', 7349206, '1980-04-17', 16),
(289, 78, '2021-03-08', 1146519, '1972-11-03', 7),
(290, 75, '1970-07-24', 15627273, '2003-07-15', 84),
(291, 8, '1975-09-09', 13421125, '1990-10-30', 51),
(292, 49, '2004-10-15', 2301832, '1986-07-12', 49),
(293, 84, '1982-07-01', 2761952, '1983-05-04', 75),
(294, 95, '1998-12-16', 17086297, '2011-03-13', 70),
(295, 22, '1990-03-19', 21250802, '2008-06-27', 10),
(296, 20, '2020-07-21', 37096422, '2010-05-28', 77),
(297, 20, '1978-11-11', 3875697, '2015-02-25', 30),
(298, 78, '1978-10-17', 20293182, '1985-07-02', 19),
(299, 55, '2000-03-18', 43679368, '1976-04-23', 61),
(300, 8, '1981-05-21', 12594937, '2008-04-03', 23);

-- --------------------------------------------------------

--
-- Table structure for table `trx_arisan`
--

CREATE TABLE `trx_arisan` (
  `id` bigint(20) NOT NULL,
  `id_transaksi` bigint(20) NOT NULL,
  `bulan` date NOT NULL,
  `jumlah` bigint(20) NOT NULL,
  `keterangan` varchar(100) DEFAULT NULL
) ENGINE=InnoDB DEFAULT CHARSET=utf8;

--
-- Dumping data for table `trx_arisan`
--

INSERT INTO `trx_arisan` (`id`, `id_transaksi`, `bulan`, `jumlah`, `keterangan`) VALUES
(1, 15, '1975-06-13', 25717513, ''),
(2, 252, '2019-10-16', 25460237, ''),
(3, 142, '2003-09-24', 24593528, ''),
(4, 297, '2002-03-02', 30529770, ''),
(5, 281, '1997-11-25', 14637863, ''),
(6, 26, '1976-05-04', 45180055, ''),
(7, 113, '2008-02-26', 32727440, ''),
(8, 236, '2000-05-09', 2992531, ''),
(9, 254, '2008-06-26', 43047565, ''),
(10, 191, '1993-07-13', 23063332, ''),
(11, 55, '1996-04-27', 18248778, ''),
(12, 251, '2019-03-25', 27178476, ''),
(13, 106, '1986-09-09', 41645581, ''),
(14, 290, '1973-01-25', 29390684, ''),
(15, 214, '1992-12-10', 39767926, ''),
(16, 2, '1986-04-02', 14069224, ''),
(17, 165, '1970-12-01', 45672047, ''),
(18, 120, '1978-04-26', 28814523, ''),
(19, 201, '2009-04-18', 27402767, ''),
(20, 242, '2002-11-30', 46370198, ''),
(21, 222, '1999-10-10', 25801391, ''),
(22, 226, '2000-07-21', 3321555, ''),
(23, 57, '1975-01-21', 17444871, ''),
(24, 231, '2000-02-08', 14400934, ''),
(25, 45, '2001-07-01', 22282868, ''),
(26, 50, '1998-06-19', 28715004, ''),
(27, 286, '1994-05-03', 32324059, ''),
(28, 217, '1973-07-12', 9963578, ''),
(29, 84, '1978-12-03', 24593035, ''),
(30, 87, '2008-05-23', 36623565, '');

-- --------------------------------------------------------

--
-- Table structure for table `usp`
--

CREATE TABLE `usp` (
  `id` bigint(20) NOT NULL,
  `id_transaksi` bigint(20) NOT NULL,
  `id_peminjaman` bigint(20) DEFAULT NULL,
  `ke` smallint(6) DEFAULT NULL,
  `pokok` bigint(20) NOT NULL,
  `jasa` bigint(20) NOT NULL,
  `keterangan` varchar(100) DEFAULT NULL
) ENGINE=InnoDB DEFAULT CHARSET=utf8;

--
-- Dumping data for table `usp`
--

INSERT INTO `usp` (`id`, `id_transaksi`, `id_peminjaman`, `ke`, `pokok`, `jasa`, `keterangan`) VALUES
(1, 191, 20, 272, 36266413, 320068, 'Aperiam voluptatum est quos nisi consequatur. Ea recusandae esse aut at et unde. Nobis optio aliquid'),
(2, 278, 163, 510, 20979686, 54536, ''),
(3, 67, 55, 127, 454957, 34937, ''),
(4, 21, 37, 471, 16470881, 512268, ''),
(5, 35, 196, 28, 5049016, 345431, 'Unde et autem repudiandae vel ad. Et eius quam aut pariatur dicta quibusdam. Assumenda optio volupta'),
(6, 90, 13, 721, 28299909, 327768, 'Expedita aliquid sit facere ut accusantium est. Illum aut consequatur dicta suscipit qui enim. Sit n'),
(7, 69, 90, 743, 17881080, 26380, 'Dolorem delectus debitis distinctio. Inventore enim officiis laudantium et aut temporibus. Et qui ex'),
(8, 214, 55, 298, 18007800, 427027, 'Totam quis et sed dolor. Sunt ab perferendis odio libero non voluptate doloremque. Rerum aut aliquid'),
(9, 128, 133, 860, 36415270, 939872, ''),
(10, 1, 191, 224, 44596325, 871308, 'Labore eaque quae nobis perspiciatis et earum distinctio. Incidunt dolore fugit quia ut qui dignissi'),
(11, 6, 48, 841, 42864440, 504198, ''),
(12, 40, 114, 521, 24801639, 767150, 'Aut ipsum ipsum consequatur repellat aperiam. Possimus optio et odit nihil necessitatibus.'),
(13, 199, 36, 126, 40526788, 174700, ''),
(14, 180, 69, 579, 6007814, 444639, 'Aperiam quibusdam excepturi incidunt est quia voluptatem. Cupiditate minima voluptate dolores volupt'),
(15, 272, 149, 933, 28228271, 201890, 'Rem quod sint ex in blanditiis aliquam magnam. Dolor dicta et inventore aut voluptatem. Nulla dolor '),
(16, 215, 109, 66, 1405186, 161511, ''),
(17, 253, 129, 771, 22028384, 513812, 'Non enim aperiam et voluptas facere asperiores nihil. Sed quia qui voluptates veniam. Porro est quia'),
(18, 106, 13, 365, 39594326, 197650, ''),
(19, 274, 85, 158, 17014655, 865643, ''),
(20, 74, 6, 501, 47509884, 863283, 'Deserunt quia quo voluptas atque excepturi ea eum. Veniam id atque qui quod vero occaecati. Quia ut '),
(21, 120, 109, 758, 31087547, 609069, 'Dolorem aliquid ea ducimus. Natus nisi aut aut voluptatem sint. In quo odio qui consectetur.'),
(22, 27, 126, 995, 20615219, 418142, ''),
(23, 297, 161, 215, 6086712, 321178, ''),
(24, 271, 83, 96, 19336811, 815518, ''),
(25, 140, 181, 213, 14854707, 2472, ''),
(26, 111, 97, 335, 49642159, 860521, ''),
(27, 43, 101, 956, 3231188, 641649, ''),
(28, 16, 161, 489, 6929455, 574923, 'Est qui sunt in voluptates quia consequuntur harum eaque. Et blanditiis sunt sed nostrum aut dolorib'),
(29, 204, 130, 830, 13866568, 788261, ''),
(30, 44, 117, 661, 8689673, 96163, '');

--
-- Indexes for dumped tables
--

--
-- Indexes for table `ajuan`
--
ALTER TABLE `ajuan`
  ADD PRIMARY KEY (`id`),
  ADD KEY `fk_admin_ajuan` (`admin`),
  ADD KEY `fk_peminjam_ajuan` (`peminjam`),
  ADD KEY `fk_jenis_ajuan` (`jenis`) USING BTREE,
  ADD KEY `fk_status` (`status`);

--
-- Indexes for table `akun`
--
ALTER TABLE `akun`
  ADD PRIMARY KEY (`nip`),
  ADD KEY `fk_instansi` (`instansi`),
  ADD KEY `fk_status_akun` (`status`),
  ADD KEY `fk_jabatan` (`jabatan`),
  ADD KEY `fk_kelamin` (`kelamin`);

--
-- Indexes for table `arisan`
--
ALTER TABLE `arisan`
  ADD PRIMARY KEY (`id`),
  ADD KEY `fk_admin_arisan` (`admin`),
  ADD KEY `fk_pemenang_arisan` (`pemenang`);

--
-- Indexes for table `bke`
--
ALTER TABLE `bke`
  ADD PRIMARY KEY (`id`),
  ADD KEY `fk_bke` (`id_transaksi`),
  ADD KEY `fk_peminjaman_bke` (`id_peminjaman`);

--
-- Indexes for table `ekstra`
--
ALTER TABLE `ekstra`
  ADD PRIMARY KEY (`id`),
  ADD KEY `fk_ekstra` (`id_transaksi`),
  ADD KEY `fk_peminjaman_ekstra` (`id_peminjaman`);

--
-- Indexes for table `haji`
--
ALTER TABLE `haji`
  ADD PRIMARY KEY (`id`),
  ADD KEY `fk_haji` (`id_transaksi`),
  ADD KEY `fk_peminjaman_haji` (`id_peminjaman`);

--
-- Indexes for table `instansi`
--
ALTER TABLE `instansi`
  ADD PRIMARY KEY (`id`);

--
-- Indexes for table `jabatan`
--
ALTER TABLE `jabatan`
  ADD PRIMARY KEY (`id`);

--
-- Indexes for table `jenis_pinjaman`
--
ALTER TABLE `jenis_pinjaman`
  ADD PRIMARY KEY (`id`);

--
-- Indexes for table `jenis_simpanan`
--
ALTER TABLE `jenis_simpanan`
  ADD PRIMARY KEY (`id`);

--
-- Indexes for table `kelamin`
--
ALTER TABLE `kelamin`
  ADD PRIMARY KEY (`id`);

--
-- Indexes for table `peminjaman`
--
ALTER TABLE `peminjaman`
  ADD PRIMARY KEY (`id`),
  ADD KEY `fk_admin_peminjaman` (`admin`),
  ADD KEY `fk_ajuan` (`id_ajuan`),
  ADD KEY `fk_jenis` (`jenis`),
  ADD KEY `fk_pimpinan_peminjaman` (`pimpinan`),
  ADD KEY `fk_status_peminjaman` (`status`);

--
-- Indexes for table `rekening`
--
ALTER TABLE `rekening`
  ADD PRIMARY KEY (`nomor`),
  ADD KEY `fk_pemilik` (`pemilik`);

--
-- Indexes for table `seragam`
--
ALTER TABLE `seragam`
  ADD PRIMARY KEY (`id`),
  ADD KEY `fk_transaksi_seragam` (`id_transaksi`);

--
-- Indexes for table `simpanan`
--
ALTER TABLE `simpanan`
  ADD PRIMARY KEY (`id`),
  ADD KEY `fk_transaksi_simpanan` (`id_transaksi`),
  ADD KEY `fk_jenis_simpanan` (`jenis`),
  ADD KEY `fk_rekening_simpanan` (`rekening`);

--
-- Indexes for table `status_akun`
--
ALTER TABLE `status_akun`
  ADD PRIMARY KEY (`id`);

--
-- Indexes for table `status_transaksi`
--
ALTER TABLE `status_transaksi`
  ADD PRIMARY KEY (`id`);

--
-- Indexes for table `toko`
--
ALTER TABLE `toko`
  ADD PRIMARY KEY (`id`),
  ADD KEY `fk_toko` (`id_transaksi`),
  ADD KEY `fk_peminjaman_toko` (`id_peminjaman`);

--
-- Indexes for table `transaksi`
--
ALTER TABLE `transaksi`
  ADD PRIMARY KEY (`id`),
  ADD KEY `fk_admin_trx` (`admin`),
  ADD KEY `fk_penyetor` (`penyetor`);

--
-- Indexes for table `trx_arisan`
--
ALTER TABLE `trx_arisan`
  ADD PRIMARY KEY (`id`),
  ADD KEY `fk_transaksi_arisan` (`id_transaksi`);

--
-- Indexes for table `usp`
--
ALTER TABLE `usp`
  ADD PRIMARY KEY (`id`),
  ADD KEY `fk_usp` (`id_transaksi`),
  ADD KEY `fk_peminjaman_usp` (`id_peminjaman`);

--
-- AUTO_INCREMENT for dumped tables
--

--
-- AUTO_INCREMENT for table `ajuan`
--
ALTER TABLE `ajuan`
  MODIFY `id` bigint(20) NOT NULL AUTO_INCREMENT, AUTO_INCREMENT=308;

--
-- AUTO_INCREMENT for table `arisan`
--
ALTER TABLE `arisan`
  MODIFY `id` bigint(20) NOT NULL AUTO_INCREMENT, AUTO_INCREMENT=51;

--
-- AUTO_INCREMENT for table `bke`
--
ALTER TABLE `bke`
  MODIFY `id` bigint(20) NOT NULL AUTO_INCREMENT, AUTO_INCREMENT=31;

--
-- AUTO_INCREMENT for table `ekstra`
--
ALTER TABLE `ekstra`
  MODIFY `id` bigint(20) NOT NULL AUTO_INCREMENT, AUTO_INCREMENT=31;

--
-- AUTO_INCREMENT for table `haji`
--
ALTER TABLE `haji`
  MODIFY `id` bigint(20) NOT NULL AUTO_INCREMENT, AUTO_INCREMENT=31;

--
-- AUTO_INCREMENT for table `instansi`
--
ALTER TABLE `instansi`
  MODIFY `id` int(11) NOT NULL AUTO_INCREMENT, AUTO_INCREMENT=14;

--
-- AUTO_INCREMENT for table `jabatan`
--
ALTER TABLE `jabatan`
  MODIFY `id` tinyint(4) NOT NULL AUTO_INCREMENT, AUTO_INCREMENT=4;

--
-- AUTO_INCREMENT for table `jenis_pinjaman`
--
ALTER TABLE `jenis_pinjaman`
  MODIFY `id` tinyint(4) NOT NULL AUTO_INCREMENT, AUTO_INCREMENT=6;

--
-- AUTO_INCREMENT for table `jenis_simpanan`
--
ALTER TABLE `jenis_simpanan`
  MODIFY `id` tinyint(4) NOT NULL AUTO_INCREMENT, AUTO_INCREMENT=5;

--
-- AUTO_INCREMENT for table `kelamin`
--
ALTER TABLE `kelamin`
  MODIFY `id` tinyint(4) NOT NULL AUTO_INCREMENT, AUTO_INCREMENT=3;

--
-- AUTO_INCREMENT for table `peminjaman`
--
ALTER TABLE `peminjaman`
  MODIFY `id` bigint(20) NOT NULL AUTO_INCREMENT, AUTO_INCREMENT=201;

--
-- AUTO_INCREMENT for table `rekening`
--
ALTER TABLE `rekening`
  MODIFY `nomor` bigint(20) NOT NULL AUTO_INCREMENT, AUTO_INCREMENT=54;

--
-- AUTO_INCREMENT for table `seragam`
--
ALTER TABLE `seragam`
  MODIFY `id` bigint(20) NOT NULL AUTO_INCREMENT, AUTO_INCREMENT=51;

--
-- AUTO_INCREMENT for table `simpanan`
--
ALTER TABLE `simpanan`
  MODIFY `id` bigint(20) NOT NULL AUTO_INCREMENT, AUTO_INCREMENT=201;

--
-- AUTO_INCREMENT for table `status_akun`
--
ALTER TABLE `status_akun`
  MODIFY `id` tinyint(4) NOT NULL AUTO_INCREMENT, AUTO_INCREMENT=3;

--
-- AUTO_INCREMENT for table `status_transaksi`
--
ALTER TABLE `status_transaksi`
  MODIFY `id` tinyint(4) NOT NULL AUTO_INCREMENT, AUTO_INCREMENT=6;

--
-- AUTO_INCREMENT for table `toko`
--
ALTER TABLE `toko`
  MODIFY `id` bigint(20) NOT NULL AUTO_INCREMENT, AUTO_INCREMENT=31;

--
-- AUTO_INCREMENT for table `transaksi`
--
ALTER TABLE `transaksi`
  MODIFY `id` bigint(20) NOT NULL AUTO_INCREMENT, AUTO_INCREMENT=301;

--
-- AUTO_INCREMENT for table `trx_arisan`
--
ALTER TABLE `trx_arisan`
  MODIFY `id` bigint(20) NOT NULL AUTO_INCREMENT, AUTO_INCREMENT=31;

--
-- AUTO_INCREMENT for table `usp`
--
ALTER TABLE `usp`
  MODIFY `id` bigint(20) NOT NULL AUTO_INCREMENT, AUTO_INCREMENT=31;

--
-- Constraints for dumped tables
--

--
-- Constraints for table `ajuan`
--
ALTER TABLE `ajuan`
  ADD CONSTRAINT `fk_admin_ajuan` FOREIGN KEY (`admin`) REFERENCES `akun` (`nip`) ON DELETE CASCADE ON UPDATE CASCADE,
  ADD CONSTRAINT `fk_jenis_ajuan` FOREIGN KEY (`jenis`) REFERENCES `jenis_pinjaman` (`id`) ON DELETE CASCADE ON UPDATE CASCADE,
  ADD CONSTRAINT `fk_peminjam_ajuan` FOREIGN KEY (`peminjam`) REFERENCES `akun` (`nip`) ON DELETE CASCADE ON UPDATE CASCADE,
  ADD CONSTRAINT `fk_status` FOREIGN KEY (`status`) REFERENCES `status_transaksi` (`id`) ON DELETE CASCADE ON UPDATE CASCADE;

--
-- Constraints for table `akun`
--
ALTER TABLE `akun`
  ADD CONSTRAINT `fk_instansi` FOREIGN KEY (`instansi`) REFERENCES `instansi` (`id`) ON DELETE CASCADE ON UPDATE CASCADE,
  ADD CONSTRAINT `fk_jabatan` FOREIGN KEY (`jabatan`) REFERENCES `jabatan` (`id`) ON DELETE CASCADE ON UPDATE CASCADE,
  ADD CONSTRAINT `fk_kelamin` FOREIGN KEY (`kelamin`) REFERENCES `kelamin` (`id`) ON DELETE CASCADE ON UPDATE CASCADE,
  ADD CONSTRAINT `fk_status_akun` FOREIGN KEY (`status`) REFERENCES `status_akun` (`id`) ON DELETE CASCADE ON UPDATE CASCADE;

--
-- Constraints for table `arisan`
--
ALTER TABLE `arisan`
  ADD CONSTRAINT `fk_admin_arisan` FOREIGN KEY (`admin`) REFERENCES `akun` (`nip`) ON DELETE CASCADE ON UPDATE CASCADE,
  ADD CONSTRAINT `fk_pemenang_arisan` FOREIGN KEY (`pemenang`) REFERENCES `akun` (`nip`) ON DELETE CASCADE ON UPDATE CASCADE;

--
-- Constraints for table `bke`
--
ALTER TABLE `bke`
  ADD CONSTRAINT `fk_bke` FOREIGN KEY (`id_transaksi`) REFERENCES `transaksi` (`id`) ON DELETE CASCADE ON UPDATE CASCADE,
  ADD CONSTRAINT `fk_peminjaman_bke` FOREIGN KEY (`id_peminjaman`) REFERENCES `peminjaman` (`id`) ON DELETE CASCADE ON UPDATE CASCADE;

--
-- Constraints for table `ekstra`
--
ALTER TABLE `ekstra`
  ADD CONSTRAINT `fk_ekstra` FOREIGN KEY (`id_transaksi`) REFERENCES `transaksi` (`id`) ON DELETE CASCADE ON UPDATE CASCADE,
  ADD CONSTRAINT `fk_peminjaman_ekstra` FOREIGN KEY (`id_peminjaman`) REFERENCES `peminjaman` (`id`) ON DELETE CASCADE ON UPDATE CASCADE;

--
-- Constraints for table `haji`
--
ALTER TABLE `haji`
  ADD CONSTRAINT `fk_haji` FOREIGN KEY (`id_transaksi`) REFERENCES `transaksi` (`id`) ON DELETE CASCADE ON UPDATE CASCADE,
  ADD CONSTRAINT `fk_peminjaman_haji` FOREIGN KEY (`id_peminjaman`) REFERENCES `peminjaman` (`id`) ON DELETE CASCADE ON UPDATE CASCADE;

--
-- Constraints for table `peminjaman`
--
ALTER TABLE `peminjaman`
  ADD CONSTRAINT `fk_admin_peminjaman` FOREIGN KEY (`admin`) REFERENCES `akun` (`nip`) ON DELETE CASCADE ON UPDATE CASCADE,
  ADD CONSTRAINT `fk_ajuan` FOREIGN KEY (`id_ajuan`) REFERENCES `ajuan` (`id`) ON DELETE CASCADE ON UPDATE CASCADE,
  ADD CONSTRAINT `fk_jenis` FOREIGN KEY (`jenis`) REFERENCES `jenis_pinjaman` (`id`) ON DELETE CASCADE ON UPDATE CASCADE,
  ADD CONSTRAINT `fk_pimpinan_peminjaman` FOREIGN KEY (`pimpinan`) REFERENCES `akun` (`nip`) ON DELETE CASCADE ON UPDATE CASCADE,
  ADD CONSTRAINT `fk_status_peminjaman` FOREIGN KEY (`status`) REFERENCES `status_transaksi` (`id`) ON DELETE CASCADE ON UPDATE CASCADE;

--
-- Constraints for table `rekening`
--
ALTER TABLE `rekening`
  ADD CONSTRAINT `fk_pemilik` FOREIGN KEY (`pemilik`) REFERENCES `akun` (`nip`) ON DELETE CASCADE ON UPDATE CASCADE;

--
-- Constraints for table `seragam`
--
ALTER TABLE `seragam`
  ADD CONSTRAINT `fk_transaksi_seragam` FOREIGN KEY (`id_transaksi`) REFERENCES `transaksi` (`id`) ON DELETE CASCADE ON UPDATE CASCADE;

--
-- Constraints for table `simpanan`
--
ALTER TABLE `simpanan`
  ADD CONSTRAINT `fk_jenis_simpanan` FOREIGN KEY (`jenis`) REFERENCES `jenis_simpanan` (`id`) ON DELETE CASCADE ON UPDATE CASCADE,
  ADD CONSTRAINT `fk_rekening_simpanan` FOREIGN KEY (`rekening`) REFERENCES `rekening` (`nomor`) ON DELETE CASCADE ON UPDATE CASCADE,
  ADD CONSTRAINT `fk_transaksi_simpanan` FOREIGN KEY (`id_transaksi`) REFERENCES `transaksi` (`id`) ON DELETE CASCADE ON UPDATE CASCADE;

--
-- Constraints for table `toko`
--
ALTER TABLE `toko`
  ADD CONSTRAINT `fk_peminjaman_toko` FOREIGN KEY (`id_peminjaman`) REFERENCES `peminjaman` (`id`) ON DELETE CASCADE ON UPDATE CASCADE,
  ADD CONSTRAINT `fk_toko` FOREIGN KEY (`id_transaksi`) REFERENCES `transaksi` (`id`) ON DELETE CASCADE ON UPDATE CASCADE;

--
-- Constraints for table `transaksi`
--
ALTER TABLE `transaksi`
  ADD CONSTRAINT `fk_admin_trx` FOREIGN KEY (`admin`) REFERENCES `akun` (`nip`) ON DELETE CASCADE ON UPDATE CASCADE,
  ADD CONSTRAINT `fk_penyetor` FOREIGN KEY (`penyetor`) REFERENCES `akun` (`nip`) ON DELETE CASCADE ON UPDATE CASCADE;

--
-- Constraints for table `trx_arisan`
--
ALTER TABLE `trx_arisan`
  ADD CONSTRAINT `fk_transaksi_arisan` FOREIGN KEY (`id_transaksi`) REFERENCES `transaksi` (`id`) ON DELETE CASCADE ON UPDATE CASCADE;

--
-- Constraints for table `usp`
--
ALTER TABLE `usp`
  ADD CONSTRAINT `fk_peminjaman_usp` FOREIGN KEY (`id_peminjaman`) REFERENCES `peminjaman` (`id`) ON DELETE CASCADE ON UPDATE CASCADE,
  ADD CONSTRAINT `fk_usp` FOREIGN KEY (`id_transaksi`) REFERENCES `transaksi` (`id`) ON DELETE CASCADE ON UPDATE CASCADE;
SET FOREIGN_KEY_CHECKS=1;
COMMIT;

/*!40101 SET CHARACTER_SET_CLIENT=@OLD_CHARACTER_SET_CLIENT */;
/*!40101 SET CHARACTER_SET_RESULTS=@OLD_CHARACTER_SET_RESULTS */;
/*!40101 SET COLLATION_CONNECTION=@OLD_COLLATION_CONNECTION */;
